author_id,author_name,cutoff,y,AutoARIMA,HoltWinters,SeasonalNaive,MAPE_AutoARIMA,MAPE_HoltWinters,MAPE_SeasonalNaive
37805825,Alisha Mcgee,2022-03-01,8482925.0,10147070.0,8029784.0,9874510.0,0.19617584,-0.053418014,0.16404542
37805825,Alisha Mcgee,2022-04-01,8375958.0,9831349.0,7862217.0,9722831.0,0.17375815,-0.06133519,0.16080226
37805825,Alisha Mcgee,2022-05-01,8281488.0,9680446.0,7863918.0,9622067.0,0.16892593,-0.0504221,0.16187659
37805825,Alisha Mcgee,2022-06-01,8172580.0,9356029.0,7793559.5,9516971.0,0.14480726,-0.046377093,0.16450019
37805825,Alisha Mcgee,2022-07-01,8082137.5,9052113.0,7798720.0,9432067.0,0.12001473,-0.035067145,0.1670263
37805825,Alisha Mcgee,2022-08-01,7999984.0,9102163.0,7649525.0,9313666.0,0.13777265,-0.04380746,0.16421057
37805825,Alisha Mcgee,2022-09-01,8001658.0,8649146.0,7407179.5,9194469.0,0.08091923,-0.07429442,0.14907049
48830740,John Salinas MD,2022-03-01,4149536.5,4144478.5,4018203.0,4307334.5,-0.0012189313,-0.031650163,0.03802786
48830740,John Salinas MD,2022-04-01,4150385.2,4160967.5,3902220.5,4243897.0,0.002549703,-0.059793185,0.02253086
48830740,John Salinas MD,2022-05-01,4146954.2,4197320.0,3853918.8,4209087.0,0.012145239,-0.07066283,0.014982743
48830740,John Salinas MD,2022-06-01,4165783.2,4141498.0,3877274.0,4203464.5,-0.005829696,-0.0692569,0.009045417
48830740,John Salinas MD,2022-07-01,4178054.5,4059539.5,3865846.2,4185334.2,-0.028366074,-0.07472575,0.001742378
48830740,John Salinas MD,2022-08-01,4179913.0,4195749.5,3857480.5,4171281.5,0.0037887152,-0.077138565,-0.0020649952
48830740,John Salinas MD,2022-09-01,4170501.5,4159909.0,3875628.2,4167609.8,-0.0025398624,-0.070704505,-0.0006933818
88807186,Crystal Lopez,2022-03-01,8399440.0,8713838.0,7227571.5,9447015.0,0.03743083,-0.13951746,0.12471963
88807186,Crystal Lopez,2022-04-01,8322812.0,9262606.0,7069070.5,9273238.0,0.11291785,-0.15063918,0.1141953
88807186,Crystal Lopez,2022-05-01,8280431.5,8830420.0,6981099.0,9134360.0,0.06642027,-0.15691604,0.10312609
88807186,Crystal Lopez,2022-06-01,8226563.0,8831480.0,6961554.0,9026781.0,0.073532164,-0.15377127,0.097272456
88807186,Crystal Lopez,2022-07-01,8211300.0,8141863.5,6937422.5,8912932.0,-0.0084562125,-0.15513712,0.085447125
88807186,Crystal Lopez,2022-08-01,8152179.0,8925366.0,7034085.5,8866000.0,0.094844215,-0.13715272,0.08756199
88807186,Crystal Lopez,2022-09-01,8168774.0,7986220.5,6999095.0,8798324.0,-0.022347724,-0.14318906,0.07706787
53295118,Jerome Weiss,2022-03-01,11240551.0,11472895.0,10293432.0,12263546.0,0.02067016,-0.08425912,0.09100933
53295118,Jerome Weiss,2022-04-01,11198215.0,11965112.0,10021582.0,12053455.0,0.06848386,-0.105073266,0.076372884
53295118,Jerome Weiss,2022-05-01,11240741.0,11289609.0,9825692.0,11872942.0,0.0043474003,-0.12588574,0.056241933
53295118,Jerome Weiss,2022-06-01,11203290.0,11528867.0,9888548.0,11813520.0,0.029060839,-0.11735321,0.05446882
53295118,Jerome Weiss,2022-07-01,11183423.0,11023354.0,9883151.0,11724198.0,-0.01431306,-0.1162678,0.04835505
53295118,Jerome Weiss,2022-08-01,11136739.0,11700245.0,9909834.0,11678601.0,0.050598834,-0.11016735,0.048655357
53295118,Jerome Weiss,2022-09-01,11146740.0,11343911.0,9849634.0,11609895.0,0.01768867,-0.1163664,0.041550715
108892660,Brian Hardy,2022-03-01,3297855.8,3521115.8,3065303.8,3621023.8,0.06769853,-0.070516124,0.097993374
108892660,Brian Hardy,2022-04-01,3303147.8,3393840.8,3009811.8,3570398.8,0.027456537,-0.08880499,0.08090798
108892660,Brian Hardy,2022-05-01,3278634.5,3617982.5,3003642.0,3542171.5,0.10350285,-0.08387409,0.08038011
108892660,Brian Hardy,2022-06-01,3244752.0,3817748.5,3035136.2,3532258.2,0.17659177,-0.06460147,0.088606544
108892660,Brian Hardy,2022-07-01,3209993.5,3497173.5,3039564.5,3513450.0,0.08946436,-0.053093255,0.094534926
108892660,Brian Hardy,2022-08-01,3160290.0,3491609.2,3028400.5,3486004.0,0.104838245,-0.041733354,0.10306459
108892660,Brian Hardy,2022-09-01,3143322.5,3065107.0,2996641.5,3453627.5,-0.024883065,-0.046664316,0.09871879
55414573,Emily Garcia,2022-03-01,4639947.0,6089122.5,6412334.0,5476665.0,0.31232587,0.38198432,0.18032922
55414573,Emily Garcia,2022-04-01,4466677.5,5824048.0,6485908.5,5550167.5,0.30388817,0.45206556,0.2425718
55414573,Emily Garcia,2022-05-01,4276517.5,5674149.5,6530818.0,5617394.0,0.32681546,0.52713466,0.31354403
55414573,Emily Garcia,2022-06-01,4072550.8,5785604.0,6587886.0,5685795.0,0.42063397,0.61763144,0.39612624
55414573,Emily Garcia,2022-07-01,3881014.2,5429589.0,6598181.5,5743169.0,0.3990129,0.7001178,0.47981137
55414573,Emily Garcia,2022-08-01,3675945.2,5444786.0,6702445.5,5811072.5,0.48119345,0.8233257,0.5808376
55414573,Emily Garcia,2022-09-01,3530150.8,6248561.0,6573881.0,5815004.0,0.770055,0.86220974,0.64723957
37702656,Barbara Tanner,2022-03-01,3569438.5,3689071.0,3003895.0,3863949.0,0.033515777,-0.15844047,0.082508914
37702656,Barbara Tanner,2022-04-01,3544315.8,3720639.5,2932494.0,3790545.5,0.04974832,-0.17262055,0.06947173
37702656,Barbara Tanner,2022-05-01,3526127.0,3591266.2,2891839.0,3737723.2,0.018473314,-0.17988235,0.06000812
37702656,Barbara Tanner,2022-06-01,3466174.2,3725590.5,2934605.8,3715439.2,0.074842244,-0.15335885,0.07191358
37702656,Barbara Tanner,2022-07-01,3450739.2,3217530.8,2882265.2,3657297.0,-0.06758218,-0.16473977,0.059858985
37702656,Barbara Tanner,2022-08-01,3411707.2,3433245.5,2843341.5,3600890.2,0.006313042,-0.16659276,0.055451125
37702656,Barbara Tanner,2022-09-01,3387752.5,3650223.2,2897321.0,3604685.0,0.07747637,-0.14476603,0.06403434
70808520,Lisa Hill,2022-03-01,27206686.0,34020348.0,32214292.0,30675686.0,0.25044072,0.18405792,0.12750542
70808520,Lisa Hill,2022-04-01,26600386.0,32489090.0,31905458.0,30632806.0,0.22137664,0.1994359,0.15159254
70808520,Lisa Hill,2022-05-01,26058500.0,31283042.0,31711384.0,30621920.0,0.20049281,0.21693052,0.17512213
70808520,Lisa Hill,2022-06-01,25572492.0,28719344.0,31562614.0,30556266.0,0.123056136,0.23424084,0.19488809
70808520,Lisa Hill,2022-07-01,25217136.0,27874942.0,31007462.0,30401292.0,0.10539682,0.2296187,0.20558068
70808520,Lisa Hill,2022-08-01,24735596.0,28622670.0,30467744.0,30133436.0,0.15714495,0.23173681,0.21822155
70808520,Lisa Hill,2022-09-01,24482410.0,26876548.0,29273530.0,29793354.0,0.09779013,0.19569641,0.21692897
110007485,Deborah Barry,2022-03-01,823887.75,957863.8,708389.56,963972.1,0.16261446,-0.1401868,0.17002848
110007485,Deborah Barry,2022-04-01,815677.1,952901.8,695812.06,947415.6,0.16823408,-0.1469516,0.16150814
110007485,Deborah Barry,2022-05-01,808164.0,977348.5,719453.75,942602.7,0.20934427,-0.10976763,0.16635075
110007485,Deborah Barry,2022-06-01,802366.7,991925.0,744515.6,938513.0,0.23624898,-0.07210053,0.16968091
110007485,Deborah Barry,2022-07-01,797669.6,877557.6,713553.25,919193.4,0.10015174,-0.10545265,0.15234847
110007485,Deborah Barry,2022-08-01,781078.56,971464.4,677630.06,889048.8,0.24374732,-0.13244314,0.13823226
110007485,Deborah Barry,2022-09-01,798828.7,847364.44,661142.44,874685.56,0.060758647,-0.17236017,0.09496013
14279830,Brian Coleman,2022-03-01,28881914.0,31609774.0,28068704.0,32717038.0,0.09444873,-0.028156376,0.13278635
14279830,Brian Coleman,2022-04-01,28576296.0,31743482.0,27563196.0,32270094.0,0.11083263,-0.03545246,0.12926091
14279830,Brian Coleman,2022-05-01,28352520.0,31131202.0,27375274.0,31958422.0,0.098004766,-0.034467693,0.12718101
14279830,Brian Coleman,2022-06-01,28127270.0,30065248.0,27426220.0,31766722.0,0.068900324,-0.024924211,0.1293923
14279830,Brian Coleman,2022-07-01,27993964.0,28919314.0,27138296.0,31432858.0,0.03305534,-0.030566161,0.12284412
14279830,Brian Coleman,2022-08-01,27743328.0,30685238.0,27008260.0,31154342.0,0.10604027,-0.026495308,0.12294898
14279830,Brian Coleman,2022-09-01,27599284.0,30393786.0,26792522.0,31002246.0,0.1012527,-0.029231265,0.12329892
86602079,Brett Scott,2022-03-01,4844969.5,5532414.0,5996235.0,5859094.5,0.1418883,0.2376208,0.20931505
86602079,Brett Scott,2022-04-01,4722934.5,6012516.0,5989152.5,5851647.0,0.27304667,0.26809984,0.23898542
86602079,Brett Scott,2022-05-01,4616408.0,5812477.5,5979184.0,5843408.5,0.25909093,0.29520267,0.26579118
86602079,Brett Scott,2022-06-01,4542012.5,5373151.0,5818617.5,5775531.5,0.18298903,0.28106594,0.27157983
86602079,Brett Scott,2022-07-01,4495755.0,5035822.5,5604107.5,5686056.0,0.12012832,0.24653313,0.2647611
86602079,Brett Scott,2022-08-01,4410840.0,5181141.5,5321676.5,5571211.5,0.17463827,0.20649956,0.26307267
86602079,Brett Scott,2022-09-01,4377622.5,4634337.0,5213288.5,5486341.5,0.058642447,0.19089495,0.25326967
104343498,Natalie Davis,2022-03-01,3730655.5,4035922.0,3755366.5,4324087.0,0.08182651,0.0066237687,0.15906896
104343498,Natalie Davis,2022-04-01,3680475.0,4111442.8,3725387.5,4285777.5,0.11709569,0.012202908,0.16446315
104343498,Natalie Davis,2022-05-01,3646684.5,4108195.0,3688312.5,4242521.5,0.12655619,0.011415301,0.16339143
104343498,Natalie Davis,2022-06-01,3595970.8,4021386.5,3633623.0,4195363.5,0.11830345,0.010470677,0.16668454
104343498,Natalie Davis,2022-07-01,3586628.8,3810093.5,3568691.8,4139247.8,0.06230496,-0.005001075,0.15407756
104343498,Natalie Davis,2022-08-01,3526766.5,3935271.0,3545329.2,4102683.8,0.11582976,0.0052633905,0.16329895
104343498,Natalie Davis,2022-09-01,3495082.5,3874975.8,3436672.2,4037366.2,0.108693644,-0.016712124,0.15515621
129673295,David Shah,2022-03-01,3421649.2,5077574.0,4853918.5,4139097.5,0.48395514,0.4185903,0.20967908
129673295,David Shah,2022-04-01,3374056.8,3402699.0,4680793.0,4106849.2,0.008488965,0.38728935,0.21718441
129673295,David Shah,2022-05-01,3315188.0,3610265.5,4571463.5,4081236.5,0.08900777,0.37894547,0.23107241
129673295,David Shah,2022-06-01,3265193.2,3389352.8,4511533.0,4098117.0,0.038025163,0.38170475,0.25509173
129673295,David Shah,2022-07-01,3254354.5,3417112.2,4428097.5,4085473.5,0.050012298,0.36066845,0.25538674
129673295,David Shah,2022-08-01,3217169.5,3991275.0,4502960.5,4137241.8,0.24061695,0.3996653,0.28598812
129673295,David Shah,2022-09-01,3319688.0,4106986.8,4415196.0,4136426.8,0.23716046,0.3300033,0.24602877
61473375,Stephen Kirk,2022-03-01,15062744.0,16238929.0,14267250.0,16882468.0,0.078085706,-0.052812025,0.12080959
61473375,Stephen Kirk,2022-04-01,14937809.0,16358053.0,13934904.0,16613934.0,0.09507713,-0.067138694,0.112206884
61473375,Stephen Kirk,2022-05-01,14811817.0,16406549.0,13647419.0,16364385.0,0.107666194,-0.078612775,0.10481955
61473375,Stephen Kirk,2022-06-01,14709990.0,15892365.0,13445889.0,16153269.0,0.08037905,-0.08593486,0.09811556
61473375,Stephen Kirk,2022-07-01,14664140.0,14917208.0,13185212.0,15927183.0,0.017257608,-0.100853376,0.08613141
61473375,Stephen Kirk,2022-08-01,14579559.0,15263365.0,12986949.0,15729451.0,0.04690169,-0.109235816,0.07887015
61473375,Stephen Kirk,2022-09-01,14582822.0,14975817.0,13009668.0,15660992.0,0.026949173,-0.1078772,0.07393425
112956194,Andrew Pierce,2022-03-01,5545713.0,5533011.0,4781458.5,5859763.0,-0.002290418,-0.13780996,0.056629326
112956194,Andrew Pierce,2022-04-01,5496807.5,5585392.5,4735637.5,5790003.0,0.016115718,-0.13847493,0.053339235
112956194,Andrew Pierce,2022-05-01,5499035.5,5493494.5,4671294.5,5699421.5,-0.0010076313,-0.15052477,0.03644021
112956194,Andrew Pierce,2022-06-01,5540638.5,5192500.0,4554163.5,5601236.5,-0.062833644,-0.17804356,0.010937006
112956194,Andrew Pierce,2022-07-01,5542663.5,5362843.5,4513291.5,5535177.5,-0.032442886,-0.18571793,-0.0013506142
112956194,Andrew Pierce,2022-08-01,5563866.5,5171263.5,4527809.5,5503407.0,-0.07056298,-0.18621169,-0.010866454
112956194,Andrew Pierce,2022-09-01,5579965.0,5535805.0,4693169.5,5522859.5,-0.007914028,-0.15892492,-0.010234024
128287556,Daniel Galloway,2022-03-01,6085567.5,6106430.0,5783213.5,6957880.5,0.003428193,-0.04968378,0.14334127
128287556,Daniel Galloway,2022-04-01,6024697.5,6465974.0,5612045.0,6827737.0,0.07324459,-0.06849348,0.13329126
128287556,Daniel Galloway,2022-05-01,5986918.0,6285544.5,5405068.5,6679919.0,0.049879838,-0.09718682,0.11575255
128287556,Daniel Galloway,2022-06-01,6011985.0,6304483.0,5285250.5,6568448.5,0.048652485,-0.120880954,0.09255903
128287556,Daniel Galloway,2022-07-01,6044242.0,5968946.0,5226521.0,6477506.0,-0.012457476,-0.13528925,0.07168211
128287556,Daniel Galloway,2022-08-01,6063866.0,6164720.0,5120103.0,6380418.5,0.016631965,-0.15563717,0.05220308
128287556,Daniel Galloway,2022-09-01,6007537.5,6291928.0,5151526.5,6345429.0,0.047338948,-0.1424895,0.056244593
109419194,Amanda Hoffman,2022-03-01,2535441.5,2674591.8,2660503.8,2644303.8,0.05488206,0.04932563,0.04293621
109419194,Amanda Hoffman,2022-04-01,2491266.2,2826018.2,2659155.0,2658026.5,0.13437022,0.06739093,0.066937946
109419194,Amanda Hoffman,2022-05-01,2470565.5,2708668.8,2657850.0,2645389.2,0.09637601,0.07580633,0.07076264
109419194,Amanda Hoffman,2022-06-01,2453762.8,2721903.5,2652827.8,2649611.2,0.109277375,0.08112642,0.07981558
109419194,Amanda Hoffman,2022-07-01,2440102.0,2641567.5,2621806.5,2640003.5,0.08256438,0.074465945,0.08192342
109419194,Amanda Hoffman,2022-08-01,2414681.0,2714719.8,2646229.0,2627608.5,0.12425606,0.09589176,0.088180386
109419194,Amanda Hoffman,2022-09-01,2400536.5,2648922.8,2674924.0,2648922.8,0.10347114,0.114302576,0.10347114
104914788,Victoria Garza,2022-03-01,3446666.2,3879342.5,3331900.8,3690205.2,0.12553471,-0.03329754,0.070659295
104914788,Victoria Garza,2022-04-01,3417676.0,3738900.2,3373543.2,3680949.0,0.09398909,-0.012913087,0.07703275
104914788,Victoria Garza,2022-05-01,3412552.0,3673755.2,3443377.8,3691893.0,0.07654191,0.009033049,0.08185692
104914788,Victoria Garza,2022-06-01,3395471.5,3630788.8,3507036.0,3695887.0,0.06930326,0.03285685,0.08847534
104914788,Victoria Garza,2022-07-01,3415146.2,3486102.8,3496956.2,3689166.2,0.020777002,0.02395505,0.08023668
104914788,Victoria Garza,2022-08-01,3486390.0,3478582.2,3398815.5,3635165.8,-0.0022394941,-0.025118962,0.042673294
104914788,Victoria Garza,2022-09-01,3559405.5,3616021.0,3327755.8,3619441.8,0.015905887,-0.06508102,0.016866932
85084368,Bryan Jensen,2022-03-01,11739981.0,12756145.0,10645705.0,13604489.0,0.086555846,-0.09320935,0.15881695
85084368,Bryan Jensen,2022-04-01,11649565.0,12793712.0,10448839.0,13379008.0,0.09821371,-0.10307046,0.14845559
85084368,Bryan Jensen,2022-05-01,11558344.0,12484648.0,10206465.0,13132355.0,0.08014158,-0.11696131,0.13617963
85084368,Bryan Jensen,2022-06-01,11417156.0,12689880.0,10054140.0,12937370.0,0.11147469,-0.11938315,0.13315172
85084368,Bryan Jensen,2022-07-01,11334392.0,11701370.0,9756556.0,12670130.0,0.03237739,-0.13920783,0.117848225
85084368,Bryan Jensen,2022-08-01,11239596.0,11970513.0,9568621.0,12475801.0,0.06503054,-0.1486686,0.1099866
85084368,Bryan Jensen,2022-09-01,11147977.0,12192913.0,9633752.0,12397841.0,0.093733236,-0.13582958,0.11211577
12219148,Lisa Taylor,2022-03-01,12012518.0,11946938.0,10209004.0,12905422.0,-0.005459305,-0.15013622,0.07433113
12219148,Lisa Taylor,2022-04-01,11974706.0,12576102.0,10023509.0,12696725.0,0.050222192,-0.16294321,0.060295343
12219148,Lisa Taylor,2022-05-01,11982317.0,12084237.0,9861476.0,12502558.0,0.008505868,-0.17699757,0.043417394
12219148,Lisa Taylor,2022-06-01,11965235.0,12105238.0,9833010.0,12363168.0,0.011700815,-0.17820168,0.033257432
12219148,Lisa Taylor,2022-07-01,11960308.0,12105585.0,9894659.0,12284848.0,0.012146594,-0.17270868,0.027134752
12219148,Lisa Taylor,2022-08-01,11895212.0,12531023.0,10142810.0,12266068.0,0.053451,-0.14731994,0.031176914
12219148,Lisa Taylor,2022-09-01,11902027.0,11791872.0,10338368.0,12233889.0,-0.009255147,-0.13137753,0.027882814
98572540,Darren Conrad,2022-03-01,3592894.0,3489120.5,3396434.8,3514695.2,-0.028882984,-0.054679945,-0.021764837
98572540,Darren Conrad,2022-04-01,3607861.5,3507812.2,3393195.2,3507008.5,-0.0277309,-0.05949958,-0.027953679
98572540,Darren Conrad,2022-05-01,3614347.8,3670780.5,3426837.0,3515200.8,0.015613536,-0.051879555,-0.027431505
98572540,Darren Conrad,2022-06-01,3657665.2,3544974.2,3446091.2,3518685.0,-0.030809544,-0.057844,-0.037996985
98572540,Darren Conrad,2022-07-01,3688014.8,3501555.5,3456853.5,3525201.5,-0.05055816,-0.062679045,-0.044146582
98572540,Darren Conrad,2022-08-01,3703341.0,3541356.0,3480441.0,3531508.5,-0.043740235,-0.060188893,-0.046399318
98572540,Darren Conrad,2022-09-01,3714644.5,3621112.5,3479505.8,3536271.8,-0.02517926,-0.063300475,-0.048018795
104425387,Melissa Williams,2022-03-01,8342418.0,8205757.5,7181682.0,8765793.0,-0.016381402,-0.13913664,0.050749674
104425387,Melissa Williams,2022-04-01,8380439.5,8343259.5,6887056.5,8567131.0,-0.0044365213,-0.17819865,0.022277053
104425387,Melissa Williams,2022-05-01,8434324.0,8124529.5,6747875.0,8427251.0,-0.03673021,-0.1999507,-0.00083859713
104425387,Melissa Williams,2022-06-01,8494886.0,7887554.0,6612243.5,8295905.0,-0.071493834,-0.2216207,-0.023423621
104425387,Melissa Williams,2022-07-01,8547538.0,7755688.5,6606231.5,8219290.0,-0.09264065,-0.22711879,-0.038402636
104425387,Melissa Williams,2022-08-01,8606432.0,7707889.0,6641584.0,8159365.0,-0.10440366,-0.22829995,-0.051945683
104425387,Melissa Williams,2022-09-01,8715525.0,8380337.5,6792591.5,8166426.5,-0.03845867,-0.22063312,-0.06300234
18954313,Lauren Olson,2022-03-01,1777558.5,1313044.6,1507288.4,1216670.5,-0.26132128,-0.1520457,-0.3155384
18954313,Lauren Olson,2022-04-01,1886324.2,1413678.6,1532052.4,1241220.2,-0.25056437,-0.1878107,-0.34199
18954313,Lauren Olson,2022-05-01,1986206.5,1530869.0,1561528.8,1268285.1,-0.22924984,-0.2138135,-0.36145353
18954313,Lauren Olson,2022-06-01,2077915.8,1533789.2,1609799.2,1299673.0,-0.26186168,-0.22528175,-0.37453046
18954313,Lauren Olson,2022-07-01,2164458.0,1461423.5,1643972.8,1332828.4,-0.32480857,-0.2404691,-0.38422072
18954313,Lauren Olson,2022-08-01,2244790.2,1548590.2,1683861.5,1365728.5,-0.31014034,-0.24988025,-0.39160085
18954313,Lauren Olson,2022-09-01,2280413.2,2127668.0,1784278.9,1424339.2,-0.06698139,-0.21756336,-0.37540302
73682824,Christopher Perez,2022-03-01,7917762.0,7926588.5,7559563.5,8436068.0,0.001114772,-0.045239866,0.06546117
73682824,Christopher Perez,2022-04-01,7853897.0,8065231.0,7486826.5,8364182.5,0.02690817,-0.046737373,0.06497227
73682824,Christopher Perez,2022-05-01,7829235.5,8198646.0,7448011.5,8308644.0,0.04718347,-0.048692364,0.06123312
73682824,Christopher Perez,2022-06-01,7787217.0,8203173.5,7505420.5,8289533.0,0.053415295,-0.03618706,0.064505205
73682824,Christopher Perez,2022-07-01,7776163.5,8163969.5,7459570.5,8240132.0,0.04987112,-0.040713266,0.059665475
73682824,Christopher Perez,2022-08-01,7821996.5,8140979.5,7301936.0,8122800.0,0.040780254,-0.066486925,0.0384561
73682824,Christopher Perez,2022-09-01,7829191.5,8072026.0,7349511.5,8096407.0,0.03101655,-0.06126814,0.034130663
45496925,Robert Smith,2022-03-01,3795701.2,3958362.8,3845115.5,4243329.5,0.042854138,0.013018477,0.117930315
45496925,Robert Smith,2022-04-01,3765045.8,3921577.0,3754487.8,4185403.8,0.04157486,-0.0028042155,0.11164752
45496925,Robert Smith,2022-05-01,3744704.2,4034207.2,3798384.2,4185928.0,0.07730997,0.014334911,0.11782606
45496925,Robert Smith,2022-06-01,3718326.5,4011337.0,3766274.0,4147907.0,0.078801714,0.012894914,0.1155306
45496925,Robert Smith,2022-07-01,3704847.2,3749479.8,3675410.8,4093659.0,0.012047055,-0.007945402,0.10494677
45496925,Robert Smith,2022-08-01,3674904.2,3978577.8,3626675.8,4049955.5,0.0826344,-0.013123743,0.10205742
45496925,Robert Smith,2022-09-01,3621010.2,3608553.5,3579484.5,4016001.5,-0.0034401312,-0.011468002,0.10908316
77004521,Katie Phelps,2022-03-01,5256908.5,5514651.5,4858782.5,6339538.5,0.049029388,-0.07573386,0.20594424
77004521,Katie Phelps,2022-04-01,5198325.5,5618520.0,4722994.0,6212920.0,0.08083267,-0.09143935,0.19517718
77004521,Katie Phelps,2022-05-01,5155540.0,5681803.5,4607999.5,6088588.5,0.10207728,-0.10620429,0.18097979
77004521,Katie Phelps,2022-06-01,5117328.0,5533242.5,4498251.5,5967171.5,0.08127572,-0.120976515,0.16607173
77004521,Katie Phelps,2022-07-01,5080500.0,5377456.5,4368994.5,5846471.0,0.05845025,-0.14004636,0.15076685
77004521,Katie Phelps,2022-08-01,5022669.0,5480953.5,4301208.0,5742159.0,0.09124322,-0.14364097,0.14324854
77004521,Katie Phelps,2022-09-01,5010912.0,5352634.0,4223454.0,5661785.0,0.06819557,-0.15714864,0.12989113
89226122,Frank Ferguson,2022-03-01,31935178.0,31990670.0,28344042.0,35456892.0,0.0017376449,-0.11245079,0.11027695
89226122,Frank Ferguson,2022-04-01,31911592.0,32876056.0,27429590.0,34740740.0,0.030222999,-0.1404506,0.08865581
89226122,Frank Ferguson,2022-05-01,31933530.0,32278568.0,26591940.0,34029170.0,0.010804881,-0.16727215,0.065625004
89226122,Frank Ferguson,2022-06-01,31877688.0,33903268.0,26536340.0,33682256.0,0.06354225,-0.16755757,0.056609124
89226122,Frank Ferguson,2022-07-01,31960788.0,30461706.0,26146936.0,33193118.0,-0.04690379,-0.18190578,0.03855756
89226122,Frank Ferguson,2022-08-01,31760756.0,33238222.0,26321256.0,32996492.0,0.0465186,-0.17126481,0.03890764
89226122,Frank Ferguson,2022-09-01,31771530.0,31415990.0,26479372.0,32817860.0,-0.0111905215,-0.16656919,0.032932945
69253555,Michael Vargas,2022-03-01,872477.75,949298.5,970157.1,1060152.5,0.08804895,0.11195629,0.21510549
69253555,Michael Vargas,2022-04-01,862743.94,963500.56,926033.56,1038850.56,0.11678624,0.07335853,0.20412387
69253555,Michael Vargas,2022-05-01,850378.9,909652.3,933457.75,1035197.9,0.06970239,0.097696304,0.21733724
69253555,Michael Vargas,2022-06-01,840493.5,920802.5,891543.94,1011854.2,0.095549814,0.060738645,0.20388104
69253555,Michael Vargas,2022-07-01,835555.94,875229.0,871622.44,997195.3,0.047481038,0.043164674,0.19345129
69253555,Michael Vargas,2022-08-01,831597.75,874946.7,830384.56,970826.8,0.05212729,-0.0014588634,0.16742356
69253555,Michael Vargas,2022-09-01,824264.94,635937.94,811667.3,945363.94,-0.22847873,-0.015283465,0.14691757
29522598,Jason Jones,2022-03-01,11589793.0,13644363.0,11425049.0,14084983.0,0.1772741,-0.014214576,0.21529202
29522598,Jason Jones,2022-04-01,11473349.0,13037722.0,10911710.0,13741492.0,0.13634843,-0.04895162,0.19768797
29522598,Jason Jones,2022-05-01,11379311.0,12722945.0,10658517.0,13502585.0,0.11807692,-0.0633425,0.18659073
29522598,Jason Jones,2022-06-01,11341858.0,12263036.0,10398449.0,13255715.0,0.08121932,-0.08317941,0.1687428
29522598,Jason Jones,2022-07-01,11344669.0,11715044.0,10134921.0,13012051.0,0.032647494,-0.10663582,0.14697494
29522598,Jason Jones,2022-08-01,11313022.0,12451693.0,9858481.0,12749919.0,0.10065135,-0.12857227,0.12701266
29522598,Jason Jones,2022-09-01,11365414.0,11698164.0,9642630.0,12533579.0,0.02927742,-0.15158127,0.10278244
69186936,Christine Duffy,2022-03-01,20491536.0,20812546.0,19677644.0,21550412.0,0.015665492,-0.03971845,0.051673822
69186936,Christine Duffy,2022-04-01,20392368.0,20616266.0,19293616.0,21299870.0,0.0109795,-0.05388055,0.044502042
69186936,Christine Duffy,2022-05-01,20288710.0,20929818.0,19303974.0,21185154.0,0.03159925,-0.048536155,0.044184376
69186936,Christine Duffy,2022-06-01,20175864.0,20709436.0,19260398.0,21090890.0,0.026446054,-0.045374315,0.045352507
69186936,Christine Duffy,2022-07-01,20117326.0,19940986.0,19187416.0,20972550.0,-0.008765578,-0.046224333,0.042511813
69186936,Christine Duffy,2022-08-01,20046982.0,20592020.0,19127796.0,20890270.0,0.027188033,-0.04585159,0.042065583
69186936,Christine Duffy,2022-09-01,19751650.0,22230194.0,19685502.0,21068308.0,0.12548542,-0.003348986,0.06666066
41871926,Gabrielle Brown,2022-03-01,6003548.0,6084959.5,5006340.0,6371312.0,0.013560564,-0.16610311,0.061257776
41871926,Gabrielle Brown,2022-04-01,5965598.5,6511489.5,5091681.5,6342000.5,0.091506496,-0.14649276,0.06309543
41871926,Gabrielle Brown,2022-05-01,5956421.0,6288204.0,5076039.0,6275639.5,0.055701736,-0.14780386,0.05359233
41871926,Gabrielle Brown,2022-06-01,5966472.5,6288221.5,5127887.5,6237862.0,0.05392617,-0.14054954,0.045485754
41871926,Gabrielle Brown,2022-07-01,5983150.0,6186381.5,5150882.5,6199269.0,0.03396731,-0.1391019,0.036121275
41871926,Gabrielle Brown,2022-08-01,5959933.5,6351867.0,5190156.0,6171878.5,0.06576139,-0.12915874,0.03556164
41871926,Gabrielle Brown,2022-09-01,6012195.5,5972540.0,5134472.0,6132891.0,-0.0065958435,-0.1459905,0.020075113
29688869,Jenna Wilkins,2022-03-01,3413325.8,3358162.0,3619944.0,3707775.8,-0.01616129,0.060532823,0.08626484
29688869,Jenna Wilkins,2022-04-01,3401027.0,3499483.5,3547141.5,3678011.5,0.02894905,0.042961877,0.08144143
29688869,Jenna Wilkins,2022-05-01,3405671.0,3428779.2,3525543.5,3650577.0,0.006785227,0.03519791,0.07191123
29688869,Jenna Wilkins,2022-06-01,3405367.5,3450058.2,3447941.2,3625608.5,0.01312362,0.012501955,0.06467467
29688869,Jenna Wilkins,2022-07-01,3411569.8,3218680.2,3368705.5,3582251.2,-0.056539807,-0.012564378,0.050030194
29688869,Jenna Wilkins,2022-08-01,3402229.8,3364460.8,3304554.0,3541622.5,-0.011101249,-0.028709333,0.040971
29688869,Jenna Wilkins,2022-09-01,3392147.8,3333744.8,3344467.2,3525632.0,-0.017217116,-0.014056139,0.039350953
65655937,Tammy Hughes,2022-03-01,3688203.8,4310415.5,4161693.5,4266936.5,0.1687032,0.1283795,0.15691453
65655937,Tammy Hughes,2022-04-01,3618302.8,4121717.5,4098483.5,4238533.5,0.13913009,0.13270883,0.17141482
65655937,Tammy Hughes,2022-05-01,3563688.0,3912544.5,4100163.5,4229310.5,0.09789199,0.15053941,0.18677911
65655937,Tammy Hughes,2022-06-01,3538022.2,3848467.5,4062730.2,4203974.5,0.08774542,0.14830546,0.18822727
65655937,Tammy Hughes,2022-07-01,3491417.0,3810754.2,4028334.5,4181982.5,0.091463506,0.15378211,0.19778946
65655937,Tammy Hughes,2022-08-01,3452216.8,3957105.0,3942340.5,4123761.5,0.14625044,0.14197363,0.19452566
65655937,Tammy Hughes,2022-09-01,3477947.2,3201322.2,3719761.0,4052804.5,-0.07953686,0.06952772,0.16528636
15199236,Angel Silva,2022-03-01,2499205.0,2412329.0,2416516.8,2432588.5,-0.034761455,-0.033085823,-0.026655076
15199236,Angel Silva,2022-04-01,2506844.0,2570008.0,2425063.2,2434235.2,0.025196621,-0.032622993,-0.028964208
15199236,Angel Silva,2022-05-01,2514280.2,2449919.0,2418118.8,2432322.0,-0.02559828,-0.038246132,-0.032597102
15199236,Angel Silva,2022-06-01,2519424.8,2740543.2,2449384.8,2447267.8,0.08776547,-0.027799997,-0.028640268
15199236,Angel Silva,2022-07-01,2538037.8,2451840.5,2444493.0,2441151.8,-0.033962164,-0.036857117,-0.038173586
15199236,Angel Silva,2022-08-01,2536814.0,2455461.2,2486523.8,2469145.0,-0.032068867,-0.019824177,-0.026674798
15199236,Angel Silva,2022-09-01,2562506.0,2461679.2,2479048.0,2461679.2,-0.039346933,-0.032568898,-0.039346933
71737865,Timothy Lopez,2022-03-01,694686.9,716740.6,682768.06,714488.4,0.031746317,-0.0171571,0.02850421
71737865,Timothy Lopez,2022-04-01,703786.8,673048.7,667456.75,705326.1,-0.043675337,-0.051620834,0.0021871857
71737865,Timothy Lopez,2022-05-01,677320.06,720549.9,722173.06,717975.1,0.063824795,0.066221274,0.060023412
71737865,Timothy Lopez,2022-06-01,677129.44,718868.94,686597.25,711296.6,0.061641835,0.013982278,0.05045887
71737865,Timothy Lopez,2022-07-01,678735.25,715354.7,665582.56,699907.75,0.053952463,-0.01937823,0.031194048
71737865,Timothy Lopez,2022-08-01,674923.7,715805.4,670522.0,700746.44,0.06057231,-0.006521756,0.03826025
71737865,Timothy Lopez,2022-09-01,672070.8,697636.5,677825.9,697636.5,0.03804017,0.008563179,0.03804017
16668575,April King,2022-03-01,11401154.0,16108761.0,15827127.0,14501039.0,0.41290617,0.38820395,0.27189222
16668575,April King,2022-04-01,11329057.0,13358543.0,14912104.0,14238470.0,0.17913988,0.31627053,0.2568098
16668575,April King,2022-05-01,11296673.0,13501833.0,14632958.0,14121614.0,0.19520438,0.29533342,0.2500684
16668575,April King,2022-06-01,11337049.0,12248535.0,14301878.0,13955923.0,0.08039888,0.2615168,0.23100138
16668575,April King,2022-07-01,11344289.0,10083925.0,14024323.0,13873570.0,-0.11110119,0.23624521,0.22295633
16668575,April King,2022-08-01,11251715.0,13114390.0,13966685.0,13796831.0,0.16554588,0.24129388,0.22619805
16668575,April King,2022-09-01,11248046.0,13865700.0,13776594.0,13822735.0,0.23272078,0.22479887,0.228901
99601290,Matthew Montoya,2022-03-01,4150595.0,4352253.0,3513275.8,4675529.5,0.04858532,-0.15354888,0.12647212
99601290,Matthew Montoya,2022-04-01,4136594.5,4340105.0,3423862.5,4582460.5,0.049197596,-0.17229922,0.10778576
99601290,Matthew Montoya,2022-05-01,4146573.0,4307775.0,3440705.8,4533131.5,0.03887596,-0.17022906,0.09322361
99601290,Matthew Montoya,2022-06-01,4139696.8,4270312.0,3439742.8,4485765.5,0.03155189,-0.1690834,0.08359761
99601290,Matthew Montoya,2022-07-01,4158116.0,4072048.8,3395013.2,4413600.0,-0.020698616,-0.18352127,0.06144225
99601290,Matthew Montoya,2022-08-01,4141600.2,4303137.0,3313530.2,4331795.0,0.03900346,-0.19993962,0.04592301
99601290,Matthew Montoya,2022-09-01,4187563.0,3908646.5,3349333.5,4300543.5,-0.066605926,-0.2001712,0.026980013
29785843,Jordan Stark,2022-03-01,8855482.0,11050162.0,15410290.0,12877176.0,0.24783292,0.7401978,0.4541474
29785843,Jordan Stark,2022-04-01,8512443.0,11303394.0,15203240.0,12931568.0,0.3278672,0.786002,0.5191371
29785843,Jordan Stark,2022-05-01,8184816.0,10965963.0,14745029.0,12854248.0,0.33979347,0.80151016,0.5704993
29785843,Jordan Stark,2022-06-01,7892469.5,10746745.0,14123598.0,12668239.0,0.36164543,0.78950304,0.60510457
29785843,Jordan Stark,2022-07-01,7617314.5,9396689.0,13260775.0,12381777.0,0.23359604,0.74087274,0.62547797
29785843,Jordan Stark,2022-08-01,7335216.0,10195728.0,12444433.0,12108515.0,0.3899697,0.6965326,0.65073735
29785843,Jordan Stark,2022-09-01,7057335.5,6935244.0,11089931.0,11680659.0,-0.017299943,0.5714048,0.6551089
105657866,William Warren,2022-03-01,3003641.2,2742851.8,2405803.2,2499628.5,-0.08682445,-0.19903775,-0.16780058
105657866,William Warren,2022-04-01,2890675.8,4063345.5,2738850.0,2617466.2,0.40567324,-0.05252258,-0.09451406
105657866,William Warren,2022-05-01,2775304.5,3996222.0,3139840.2,2743631.0,0.439922,0.13134982,-0.0114126215
105657866,William Warren,2022-06-01,2711851.2,3532246.5,3272375.2,2851603.5,0.3025222,0.20669423,0.051533893
105657866,William Warren,2022-07-01,2724836.5,2298909.2,3282353.8,2874767.5,-0.15631296,0.20460576,0.055023853
105657866,William Warren,2022-08-01,2734596.5,2498589.0,3356962.5,2916670.0,-0.08630432,0.2275897,0.06658149
105657866,William Warren,2022-09-01,2775911.5,3130592.2,3243136.0,2933125.5,0.12777092,0.1683139,0.05663509
57084998,Gregory Vaughan,2022-03-01,6011677.5,5637525.0,5210789.0,5708765.5,-0.06223762,-0.13322213,-0.050387267
57084998,Gregory Vaughan,2022-04-01,6026073.5,5809418.0,5191284.5,5675945.0,-0.03595301,-0.13852951,-0.05810226
57084998,Gregory Vaughan,2022-05-01,6044564.5,5924255.0,5263110.5,5684365.0,-0.01990375,-0.1292821,-0.059590645
57084998,Gregory Vaughan,2022-06-01,6066973.0,5839380.0,5315015.0,5687015.0,-0.037513435,-0.12394286,-0.06262728
57084998,Gregory Vaughan,2022-07-01,6069566.5,5862661.0,5382951.5,5698176.5,-0.034089006,-0.11312422,-0.061188884
57084998,Gregory Vaughan,2022-08-01,6022654.0,6338299.0,5542854.5,5742933.0,0.05240962,-0.079665795,-0.046444807
57084998,Gregory Vaughan,2022-09-01,6030530.5,6241172.0,5660813.5,5781259.0,0.034929182,-0.061307542,-0.04133492
95718378,Jennifer Martinez,2022-03-01,4720683.5,6871743.0,7105202.0,6026006.0,0.45566696,0.50512147,0.27651134
95718378,Jennifer Martinez,2022-04-01,4632884.0,6124327.5,7237896.0,6143048.0,0.3219255,0.56228733,0.3259663
95718378,Jennifer Martinez,2022-05-01,4566617.5,6460908.0,7227702.0,6206208.5,0.4148126,0.5827255,0.35903838
95718378,Jennifer Martinez,2022-06-01,4601158.5,4739909.5,6812078.0,6143528.0,0.030155666,0.48051366,0.3352133
95718378,Jennifer Martinez,2022-07-01,4665562.0,3597617.5,6297306.0,5990300.5,-0.22889943,0.3497422,0.28393975
95718378,Jennifer Martinez,2022-08-01,4717668.5,4163982.8,5974371.5,5853844.5,-0.11736428,0.26638222,0.24083422
95718378,Jennifer Martinez,2022-09-01,4883500.5,4058923.8,5466819.5,5715774.0,-0.16884953,0.1194469,0.1704256
90140857,Joel Reeves,2022-03-01,8793399.0,8010941.0,6606084.5,8890292.0,-0.088982426,-0.24874505,0.011018833
90140857,Joel Reeves,2022-04-01,8795409.0,8787443.0,6651242.5,8805235.0,-0.0009056998,-0.24378246,0.0011171737
90140857,Joel Reeves,2022-05-01,8821759.0,8714324.0,6741777.0,8723706.0,-0.01217841,-0.2357786,-0.011114904
90140857,Joel Reeves,2022-06-01,8895989.0,8572986.0,6859414.5,8647275.0,-0.036308836,-0.22893177,-0.027957993
90140857,Joel Reeves,2022-07-01,8909644.0,8932360.0,6918983.0,8626884.0,0.0025495968,-0.22342767,-0.031736396
90140857,Joel Reeves,2022-08-01,8967132.0,8973744.0,6934234.0,8588278.0,0.0007373595,-0.22670548,-0.042249184
90140857,Joel Reeves,2022-09-01,9010713.0,9060400.0,7209629.5,8624595.0,0.005514214,-0.19988246,-0.042850994
18548758,Crystal Roberts,2022-03-01,18632936.0,22633582.0,22611248.0,21777090.0,0.2147083,0.21350966,0.16874173
18548758,Crystal Roberts,2022-04-01,18173712.0,22558292.0,22253936.0,21669234.0,0.24125946,0.22451241,0.19233947
18548758,Crystal Roberts,2022-05-01,17774430.0,21294408.0,22041326.0,21586222.0,0.19803606,0.24005811,0.21445368
18548758,Crystal Roberts,2022-06-01,17451784.0,20303456.0,21619890.0,21513342.0,0.1634029,0.23883553,0.23273024
18548758,Crystal Roberts,2022-07-01,17257466.0,18518016.0,21279462.0,21376694.0,0.07304375,0.23305832,0.23869252
18548758,Crystal Roberts,2022-08-01,17022194.0,19379078.0,20872818.0,21169184.0,0.13845947,0.22621197,0.24362253
18548758,Crystal Roberts,2022-09-01,16828990.0,17576698.0,20228542.0,20830008.0,0.04442976,0.2020057,0.23774558
67584598,Paul Sloan,2022-03-01,11210567.0,11933184.0,11290312.0,11466978.0,0.06445856,0.007113378,0.02287226
67584598,Paul Sloan,2022-04-01,11103139.0,12158575.0,11295495.0,11472505.0,0.09505744,0.01732447,0.03326681
67584598,Paul Sloan,2022-05-01,11043567.0,12131642.0,11441214.0,11525668.0,0.09852569,0.036007117,0.043654464
67584598,Paul Sloan,2022-06-01,10988186.0,11752342.0,11632520.0,11585058.0,0.069543414,0.058638796,0.05431943
67584598,Paul Sloan,2022-07-01,10982875.0,10986039.0,11622439.0,11568170.0,0.00028808485,0.05823284,0.0532916
67584598,Paul Sloan,2022-08-01,10979272.0,11263193.0,11463560.0,11493532.0,0.025859728,0.0441093,0.04683917
67584598,Paul Sloan,2022-09-01,10999732.0,11423270.0,11386334.0,11494763.0,0.038504392,0.035146493,0.045003913
53603551,Ernest Vargas,2022-03-01,6472123.0,8993867.0,5766344.0,6043239.0,0.38963166,-0.109049074,-0.06626636
53603551,Ernest Vargas,2022-04-01,6493019.0,6777539.0,5833488.0,6056089.0,0.043819368,-0.1015754,-0.06729227
53603551,Ernest Vargas,2022-05-01,6504922.0,6767769.5,5991768.0,6118730.0,0.04040748,-0.07888703,-0.0593692
53603551,Ernest Vargas,2022-06-01,6474562.0,6866744.0,6207693.0,6201349.5,0.060572747,-0.041218076,-0.042197835
53603551,Ernest Vargas,2022-07-01,6532511.5,5683497.5,6188560.5,6196994.0,-0.12996747,-0.052652184,-0.05136118
53603551,Ernest Vargas,2022-08-01,6485561.0,6840569.0,6540262.0,6322271.5,0.05473821,0.008434274,-0.02517739
53603551,Ernest Vargas,2022-09-01,6516851.5,7753601.0,6629986.5,6421491.0,0.18977715,0.017360378,-0.01463291
49057810,Robert Smith,2022-03-01,2498186.8,2511426.8,2420616.0,2662029.0,0.005299844,-0.031050822,0.065584466
49057810,Robert Smith,2022-04-01,2487391.5,2574313.8,2396755.5,2639508.5,0.03494514,-0.03643817,0.06115523
49057810,Robert Smith,2022-05-01,2469891.5,2576044.2,2407724.0,2631581.5,0.04297871,-0.025170134,0.065464415
49057810,Robert Smith,2022-06-01,2458472.8,2609351.8,2404212.8,2622275.5,0.06137103,-0.022070613,0.066627845
49057810,Robert Smith,2022-07-01,2458876.0,2548441.0,2400906.0,2607294.8,0.03642518,-0.023575813,0.060360406
49057810,Robert Smith,2022-08-01,2457545.5,2544369.5,2369169.2,2583659.8,0.035329558,-0.035961185,0.05131716
49057810,Robert Smith,2022-09-01,2473220.8,2500240.5,2349317.0,2560851.8,0.010924924,-0.050098136,0.035431936
103110415,Cameron Mueller,2022-03-01,16608226.0,21266920.0,22626222.0,20120876.0,0.2805052,0.3623503,0.21150061
103110415,Cameron Mueller,2022-04-01,16271446.0,20298788.0,21857846.0,19916232.0,0.24750978,0.34332535,0.2239989
103110415,Cameron Mueller,2022-05-01,16039393.0,19026970.0,21309692.0,19781244.0,0.18626496,0.3285847,0.23329131
103110415,Cameron Mueller,2022-06-01,15797913.0,17721928.0,20699990.0,19603418.0,0.12178919,0.31029904,0.24088657
103110415,Cameron Mueller,2022-07-01,15600277.0,16308924.0,19808772.0,19351992.0,0.045425285,0.26977053,0.24049029
103110415,Cameron Mueller,2022-08-01,15387107.0,16525817.0,18882646.0,19042282.0,0.074004166,0.22717324,0.2375479
103110415,Cameron Mueller,2022-09-01,15188839.0,15797400.0,18584720.0,18786328.0,0.040066328,0.2235774,0.23685083
21468029,Ruth Franklin,2022-03-01,4605428.5,6178976.0,5818045.0,5173251.5,0.34167233,0.26330155,0.12329428
21468029,Ruth Franklin,2022-04-01,4436468.0,5900329.0,5842766.5,5215022.0,0.3299609,0.31698605,0.1754896
21468029,Ruth Franklin,2022-05-01,4320573.5,5394587.0,5819618.0,5233846.0,0.24858123,0.34695497,0.2113776
21468029,Ruth Franklin,2022-06-01,4208318.5,5081797.5,5862957.5,5284214.0,0.20756009,0.39318293,0.25565925
21468029,Ruth Franklin,2022-07-01,4146105.5,4646884.5,5770388.5,5256657.0,0.12078299,0.39176112,0.26785412
21468029,Ruth Franklin,2022-08-01,4044431.8,5097890.0,5741014.5,5266649.5,0.26047125,0.41948608,0.30219764
21468029,Ruth Franklin,2022-09-01,3952674.8,5154563.0,5640419.5,5239443.5,0.3040696,0.426988,0.3255438
40343688,Erik Morris,2022-03-01,5557817.5,6549345.0,7028663.5,6484393.0,0.17840232,0.26464453,0.16671571
40343688,Erik Morris,2022-04-01,5432708.0,6741558.5,6944066.5,6471499.0,0.24092045,0.27819616,0.19121054
40343688,Erik Morris,2022-05-01,5366060.0,6048187.5,6790043.0,6421899.0,0.12711887,0.26536843,0.19676243
40343688,Erik Morris,2022-06-01,5334774.0,5582449.5,6643570.5,6363333.0,0.046426617,0.24533308,0.19280273
40343688,Erik Morris,2022-07-01,5307883.5,5408441.5,6249402.5,6288199.5,0.018945027,0.17738125,0.18469056
40343688,Erik Morris,2022-08-01,5284448.5,5607667.0,6125056.0,6193754.5,0.061164092,0.15907195,0.17207207
40343688,Erik Morris,2022-09-01,5271646.5,4850508.5,5830188.5,6090428.0,-0.079887375,0.1059521,0.15531798
84297664,Dawn Ortiz,2022-03-01,21252712.0,25364342.0,25633500.0,23773786.0,0.19346379,0.20612842,0.11862364
84297664,Dawn Ortiz,2022-04-01,20834080.0,25025668.0,25296210.0,23735844.0,0.20118901,0.21417457,0.13927968
84297664,Dawn Ortiz,2022-05-01,20437438.0,24070314.0,25136864.0,23735902.0,0.17775594,0.22994202,0.16139323
84297664,Dawn Ortiz,2022-06-01,20155400.0,22451550.0,24976230.0,23733382.0,0.11392232,0.23918305,0.17751977
84297664,Dawn Ortiz,2022-07-01,19856418.0,22385590.0,24789566.0,23724602.0,0.12737302,0.24844098,0.19480774
84297664,Dawn Ortiz,2022-08-01,19584228.0,22006928.0,24051292.0,23529360.0,0.12370669,0.22809498,0.20144434
84297664,Dawn Ortiz,2022-09-01,19315968.0,20404268.0,23580444.0,23300184.0,0.056341987,0.22077465,0.2062654
27865642,Mr. Frederick Salas,2022-03-01,2289609.8,2267057.5,2120400.5,2307915.5,-0.009849823,-0.0739031,0.00799514
27865642,Mr. Frederick Salas,2022-04-01,2281991.5,2281027.2,2109952.5,2294926.5,-0.0004225476,-0.075389855,0.0056682946
27865642,Mr. Frederick Salas,2022-05-01,2275235.0,2304515.0,2129573.2,2294531.5,0.012869,-0.06402053,0.008481102
27865642,Mr. Frederick Salas,2022-06-01,2278036.0,2304755.0,2139987.2,2298325.8,0.011728963,-0.060599897,0.008906686
27865642,Mr. Frederick Salas,2022-07-01,2282410.5,2268145.0,2139536.0,2290900.0,-0.00625019,-0.06259807,0.0037195324
27865642,Mr. Frederick Salas,2022-08-01,2287439.5,2276110.0,2141619.8,2288687.8,-0.004952918,-0.063748024,0.0005456975
27865642,Mr. Frederick Salas,2022-09-01,2297598.8,2233158.0,2136067.8,2284057.2,-0.028047,-0.07030427,-0.0058937618
21767160,Amy Richardson,2022-03-01,7782144.5,10484493.0,11030807.0,8610195.0,0.34724984,0.41745082,0.106403895
21767160,Amy Richardson,2022-04-01,7710613.5,9082610.0,10813801.0,8638649.0,0.1779361,0.40245664,0.12035819
21767160,Amy Richardson,2022-05-01,7695369.5,8616861.0,10676602.0,8690368.0,0.11974623,0.38740602,0.12929834
21767160,Amy Richardson,2022-06-01,7635538.5,7705445.5,10606598.0,8727065.0,0.009155477,0.38910937,0.14295344
21767160,Amy Richardson,2022-07-01,7698605.0,7312252.0,10361747.0,8724995.0,-0.050184805,0.34592527,0.13332155
21767160,Amy Richardson,2022-08-01,7704344.0,8059036.0,10451592.0,8809808.0,0.046037924,0.35658428,0.1434858
21767160,Amy Richardson,2022-09-01,7787346.5,8398430.0,10221949.0,8862328.0,0.07847134,0.3126357,0.13804208
113593491,Sandra Phillips,2022-03-01,7395166.5,9450132.0,9541273.0,8906705.0,0.27787954,0.29020396,0.20439547
113593491,Sandra Phillips,2022-04-01,7171451.0,9658665.0,9496651.0,8928426.0,0.34682158,0.32423007,0.24499574
113593491,Sandra Phillips,2022-05-01,7051112.0,8752283.0,9387133.0,8907648.0,0.2412628,0.33129823,0.2632969
113593491,Sandra Phillips,2022-06-01,6943008.5,8000530.5,9266625.0,8864458.0,0.15231466,0.33466998,0.27674595
113593491,Sandra Phillips,2022-07-01,6860347.0,7581641.0,8885779.0,8789064.0,0.10513958,0.29523754,0.28113985
113593491,Sandra Phillips,2022-08-01,6751477.5,7976984.5,8767925.0,8669986.0,0.18151686,0.29866758,0.28416127
113593491,Sandra Phillips,2022-09-01,6697920.0,5801154.0,8129050.0,8449307.0,-0.13388723,0.21366782,0.2614822
61646021,Brandon Sanchez,2022-03-01,1424568.8,1264726.5,1236852.9,994361.8,-0.112203956,-0.13177031,-0.301991
61646021,Brandon Sanchez,2022-04-01,1433662.4,1384682.0,1303495.6,1033186.1,-0.03416451,-0.09079317,-0.2793379
61646021,Brandon Sanchez,2022-05-01,1441599.2,1346717.0,1388517.0,1080520.2,-0.065817356,-0.03682178,-0.25047114
61646021,Brandon Sanchez,2022-06-01,1453328.1,1285833.1,1444660.6,1121067.8,-0.11524927,-0.0059638973,-0.22862035
61646021,Brandon Sanchez,2022-07-01,1491350.5,1283198.5,1502133.4,1160754.2,-0.13957283,0.0072302753,-0.22167575
61646021,Brandon Sanchez,2022-08-01,1548537.9,1276756.6,1529035.4,1185520.1,-0.1755083,-0.012594138,-0.23442614
61646021,Brandon Sanchez,2022-09-01,1542413.8,1678763.6,1576313.0,1223461.9,0.08840033,0.021978052,-0.2067875
96122743,Michelle Nelson,2022-03-01,1816130.8,1578775.5,1742041.9,1645468.1,-0.13069282,-0.0407949,-0.09397045
96122743,Michelle Nelson,2022-04-01,1843135.5,1595120.6,1704118.5,1637457.1,-0.13456139,-0.07542419,-0.11159156
96122743,Michelle Nelson,2022-05-01,1894600.8,1582896.2,1610311.1,1617780.9,-0.16452253,-0.15005252,-0.14610988
96122743,Michelle Nelson,2022-06-01,1935129.4,1598670.5,1674389.8,1636622.2,-0.17386892,-0.13474014,-0.15425694
96122743,Michelle Nelson,2022-07-01,1960928.4,1616922.2,1705718.6,1651160.8,-0.17543024,-0.13014741,-0.15796988
96122743,Michelle Nelson,2022-08-01,2000208.9,1657054.0,1752072.9,1677972.8,-0.17155953,-0.12405504,-0.16110124
96122743,Michelle Nelson,2022-09-01,2019178.9,1695038.1,1757542.6,1695038.1,-0.16053097,-0.12957557,-0.16053097
20315649,Ashley Fuentes,2022-03-01,4895751.5,4956190.0,4554739.0,5259181.5,0.012345091,-0.06965478,0.07423375
20315649,Ashley Fuentes,2022-04-01,4904260.0,4817703.5,4405800.0,5162470.5,-0.017649248,-0.10163817,0.052650247
20315649,Ashley Fuentes,2022-05-01,4892188.5,4945504.0,4392176.0,5113411.5,0.010898088,-0.102206305,0.04521964
20315649,Ashley Fuentes,2022-06-01,4864152.5,5078213.0,4440183.0,5108240.5,0.04400777,-0.08716205,0.050180994
20315649,Ashley Fuentes,2022-07-01,4866374.5,4481387.0,4391842.5,5055719.0,-0.07911177,-0.09751243,0.03890874
20315649,Ashley Fuentes,2022-08-01,4846090.0,5207966.0,4375812.5,5019922.5,0.07467381,-0.097042665,0.03587067
20315649,Ashley Fuentes,2022-09-01,4877404.0,4914523.0,4331777.5,4983216.5,0.007610401,-0.11186822,0.02169443
79370363,Summer Monroe,2022-03-01,4639643.5,6664585.0,5559825.5,5620185.0,0.43644333,0.19833033,0.21133983
79370363,Summer Monroe,2022-04-01,4512377.0,4332654.0,5442755.5,5597523.0,-0.039828897,0.20618369,0.24048212
79370363,Summer Monroe,2022-05-01,4363215.0,4330901.5,5504502.0,5584997.0,-0.007405892,0.2615702,0.28001875
79370363,Summer Monroe,2022-06-01,4288814.0,4482328.5,5504391.5,5591314.0,0.04512075,0.28342974,0.30369702
79370363,Summer Monroe,2022-07-01,4156638.2,4868484.0,5410664.0,5610473.5,0.17125516,0.3016923,0.34976226
79370363,Summer Monroe,2022-08-01,4070986.0,4486517.5,5162142.0,5619548.0,0.102071464,0.26803237,0.3803899
79370363,Summer Monroe,2022-09-01,4112603.8,5649569.0,5256227.5,5630313.5,0.37372074,0.27807778,0.36903864
48358086,Anthony Pena,2022-03-01,4459370.0,5355789.0,6002049.0,5122381.5,0.2010192,0.345941,0.14867829
48358086,Anthony Pena,2022-04-01,4444771.5,4866053.0,5834492.5,5101227.0,0.09478136,0.3126642,0.14769162
48358086,Anthony Pena,2022-05-01,4402374.5,4770895.0,5676463.5,5063851.0,0.083709486,0.2894095,0.15025449
48358086,Anthony Pena,2022-06-01,4376796.0,4253299.5,5523942.5,5021243.5,-0.028216189,0.26209733,0.14724185
48358086,Anthony Pena,2022-07-01,4361873.0,4215830.5,5050069.0,4979226.5,-0.0334816,0.15777534,0.14153405
48358086,Anthony Pena,2022-08-01,4309855.5,4251839.5,5027354.5,4926384.5,-0.013461241,0.16647866,0.14305097
48358086,Anthony Pena,2022-09-01,4296540.5,4189855.5,4991641.5,4869728.5,-0.024830442,0.16178155,0.13340686
52290062,Randy Luna,2022-03-01,40022136.0,49632276.0,51888360.0,42552244.0,0.24012062,0.29649153,0.063217714
52290062,Randy Luna,2022-04-01,39106350.0,51027440.0,52067868.0,43092270.0,0.30483764,0.3314427,0.10192513
52290062,Randy Luna,2022-05-01,38261930.0,47529316.0,52147052.0,43510776.0,0.24220912,0.36289662,0.13718201
52290062,Randy Luna,2022-06-01,37465604.0,44878976.0,52211924.0,43960196.0,0.19787142,0.3935962,0.17334811
52290062,Randy Luna,2022-07-01,36976748.0,41191924.0,51458010.0,44089196.0,0.11399531,0.3916315,0.1923492
52290062,Randy Luna,2022-08-01,36412852.0,41922180.0,50670012.0,44013690.0,0.15130174,0.391542,0.20874047
52290062,Randy Luna,2022-09-01,35928760.0,39212420.0,48649180.0,43671260.0,0.091393635,0.35404563,0.21549588
60387284,Amy Gonzalez,2022-03-01,2005372.8,2433450.5,2515866.0,2113523.2,0.21346542,0.25456277,0.053930372
60387284,Amy Gonzalez,2022-04-01,1957800.0,2315086.2,2519167.2,2134295.2,0.18249375,0.28673372,0.09014978
60387284,Amy Gonzalez,2022-05-01,1910227.1,2411438.5,2597190.8,2185311.0,0.26238313,0.35962406,0.14400585
60387284,Amy Gonzalez,2022-06-01,1846716.9,2318721.5,2658705.2,2233906.8,0.2555912,0.43969294,0.20966391
60387284,Amy Gonzalez,2022-07-01,1797776.4,2198995.0,2697919.8,2270969.2,0.22317493,0.5006982,0.2632101
60387284,Amy Gonzalez,2022-08-01,1715186.2,2341880.8,2702413.8,2294150.8,0.36537984,0.57558036,0.33755198
60387284,Amy Gonzalez,2022-09-01,1702123.9,2300288.8,2620198.2,2295993.2,0.35142264,0.5393699,0.34889904
19317205,Kyle George,2022-03-01,13574258.0,16005812.0,17341348.0,15556569.0,0.1791298,0.2775172,0.14603457
19317205,Kyle George,2022-04-01,13405074.0,15090924.0,16730102.0,15453510.0,0.12576208,0.2480425,0.1528105
19317205,Kyle George,2022-05-01,13315896.0,13598490.0,16298332.0,15326237.0,0.021222305,0.22397561,0.15097302
19317205,Kyle George,2022-06-01,13171553.0,14833518.0,16424128.0,15424814.0,0.12617837,0.24693938,0.17107026
19317205,Kyle George,2022-07-01,12875926.0,14851998.0,16276388.0,15397482.0,0.15347028,0.26409456,0.19583492
19317205,Kyle George,2022-08-01,12513448.0,15169529.0,16450320.0,15537498.0,0.21225813,0.3146113,0.241664
19317205,Kyle George,2022-09-01,12373314.0,12984981.0,15854408.0,15322314.0,0.04943437,0.28133884,0.2383355
27876822,Robert Carter,2022-03-01,17745414.0,21031284.0,17640082.0,20762298.0,0.18516728,-0.005935731,0.17000923
27876822,Robert Carter,2022-04-01,17542776.0,19505724.0,17147158.0,20395486.0,0.11189495,-0.022551619,0.16261451
27876822,Robert Carter,2022-05-01,17261378.0,20109334.0,17027088.0,20182320.0,0.16499007,-0.013573077,0.16921836
27876822,Robert Carter,2022-06-01,17030994.0,19328824.0,16986470.0,20016282.0,0.1349205,-0.0026142925,0.1752856
27876822,Robert Carter,2022-07-01,17016456.0,16678987.0,16448235.0,19675312.0,-0.01983192,-0.03339244,0.15625204
27876822,Robert Carter,2022-08-01,16787282.0,18602158.0,16374170.0,19490208.0,0.108110175,-0.024608629,0.16101034
27876822,Robert Carter,2022-09-01,16738567.0,17797180.0,15923945.0,19256062.0,0.06324395,-0.048667368,0.15040086
50151051,Jeffrey Duncan,2022-03-01,6092916.5,5894595.5,5267387.0,7036724.0,-0.032549437,-0.13549004,0.15490241
50151051,Jeffrey Duncan,2022-04-01,6054344.0,6168103.0,5165455.5,6905720.0,0.018789649,-0.1468183,0.14062233
50151051,Jeffrey Duncan,2022-05-01,6052167.0,6161881.5,5055119.0,6777016.5,0.018128134,-0.16474232,0.119766936
50151051,Jeffrey Duncan,2022-06-01,6072905.0,6138968.5,4948316.0,6650901.0,0.010878402,-0.1851814,0.0951762
50151051,Jeffrey Duncan,2022-07-01,6066456.0,5973178.0,4831249.5,6519879.5,-0.015376029,-0.20361254,0.074742734
50151051,Jeffrey Duncan,2022-08-01,6088581.5,5992042.5,4747814.5,6409494.0,-0.015855746,-0.22021008,0.05270727
50151051,Jeffrey Duncan,2022-09-01,6093216.0,5565648.0,4797121.0,6333884.5,-0.08658285,-0.21271116,0.039497778
97541734,Jacob Griffin,2022-03-01,4952327.0,4614879.0,4565580.5,4629097.0,-0.06813928,-0.078093894,-0.06526831
97541734,Jacob Griffin,2022-04-01,4970639.0,4607459.0,4528139.0,4613041.0,-0.07306505,-0.08902276,-0.07194206
97541734,Jacob Griffin,2022-05-01,4994448.0,4618930.0,4546582.5,4614074.0,-0.07518709,-0.08967267,-0.076159365
97541734,Jacob Griffin,2022-06-01,5024358.0,4635048.0,4625383.5,4644652.5,-0.077484526,-0.07940806,-0.07557294
97541734,Jacob Griffin,2022-07-01,5059528.0,4812354.0,4764373.0,4716840.5,-0.048853174,-0.05833647,-0.06773112
97541734,Jacob Griffin,2022-08-01,5040125.5,4812859.5,4738493.0,4690627.0,-0.04509134,-0.05984623,-0.06934322
97541734,Jacob Griffin,2022-09-01,5082641.5,4748392.0,4834116.5,4748392.0,-0.06576295,-0.04889682,-0.06576295
37238706,Luis Wall,2022-03-01,7057716.5,8137196.0,8214794.5,6810516.0,0.15295024,0.1639451,-0.035025563
37238706,Luis Wall,2022-04-01,6963449.0,8285827.0,8345819.0,6933804.5,0.18990274,0.19851801,-0.0042571574
37238706,Luis Wall,2022-05-01,6883449.0,8017191.0,8394626.0,7021641.0,0.16470551,0.21953776,0.020075982
37238706,Luis Wall,2022-06-01,6793187.0,7600557.0,8501228.0,7132482.5,0.11884996,0.25143442,0.04994644
37238706,Luis Wall,2022-07-01,6720166.5,7212700.0,8478782.0,7189110.5,0.07329186,0.26169226,0.0697816
37238706,Luis Wall,2022-08-01,6632116.5,7199353.0,8435635.0,7205997.0,0.08552873,0.2719371,0.08653052
37238706,Luis Wall,2022-09-01,6572422.0,7392921.0,8344150.0,7220376.0,0.12483967,0.26957002,0.09858679
122846919,Mrs. Katherine Anderson,2022-03-01,996383.7,1095072.5,1023210.6,1268089.4,0.099047,0.026924305,0.27269182
122846919,Mrs. Katherine Anderson,2022-04-01,1001581.25,994357.1,976609.9,1236431.8,-0.00721272,-0.02493195,0.23447973
122846919,Mrs. Katherine Anderson,2022-05-01,1005729.75,948019.5,923189.5,1200744.1,-0.05738147,-0.08207001,0.19390336
122846919,Mrs. Katherine Anderson,2022-06-01,1003715.94,959239.75,911208.2,1186274.1,-0.044311527,-0.09216527,0.18188232
122846919,Mrs. Katherine Anderson,2022-07-01,1005263.06,901120.3,868586.6,1152287.4,-0.10359751,-0.13596086,0.14625457
122846919,Mrs. Katherine Anderson,2022-08-01,1019748.5,874249.9,834947.5,1122136.2,-0.1426809,-0.18122214,0.1004049
122846919,Mrs. Katherine Anderson,2022-09-01,1006427.56,1062457.9,841519.3,1099447.5,0.055672474,-0.16385506,0.09242587
108333899,Cindy Foley,2022-03-01,3430527.8,3396174.8,3261834.0,3618460.8,-0.010013911,-0.049174286,0.054782532
108333899,Cindy Foley,2022-04-01,3421791.0,3462897.8,3202134.2,3575276.2,0.012013227,-0.0641935,0.044855237
108333899,Cindy Foley,2022-05-01,3417327.2,3453969.2,3158011.5,3539386.5,0.010722415,-0.07588262,0.03571775
108333899,Cindy Foley,2022-06-01,3421485.0,3454314.8,3168668.8,3529082.2,0.009595176,-0.0738908,0.03144753
108333899,Cindy Foley,2022-07-01,3421286.0,3427755.0,3174383.5,3516450.8,0.0018908095,-0.07216658,0.027815491
108333899,Cindy Foley,2022-08-01,3414523.5,3418070.0,3116294.2,3474010.5,0.0010386516,-0.0873414,0.017421758
108333899,Cindy Foley,2022-09-01,3416002.2,3400478.8,3147716.2,3466758.0,-0.004544347,-0.07853801,0.014858231
38356399,Jacob Joseph,2022-03-01,1958611.2,1873791.2,1825312.6,2157588.2,-0.043306194,-0.06805772,0.10159086
38356399,Jacob Joseph,2022-04-01,1952154.0,2066641.9,1794515.0,2129684.8,0.058646947,-0.080751315,0.09094095
38356399,Jacob Joseph,2022-05-01,1948282.1,2054743.1,1751740.2,2095033.4,0.054643523,-0.10087958,0.07532341
38356399,Jacob Joseph,2022-06-01,1946287.5,1963366.0,1724617.8,2067561.2,0.008774911,-0.11389363,0.062310297
38356399,Jacob Joseph,2022-07-01,1927948.8,1965493.1,1683142.2,2031328.8,0.01947374,-0.1269777,0.053621758
38356399,Jacob Joseph,2022-08-01,1917108.0,1938869.0,1639204.8,1997958.2,0.011350951,-0.14495963,0.042173028
38356399,Jacob Joseph,2022-09-01,1928350.6,1968739.2,1683218.0,1989834.6,0.020944647,-0.12712036,0.03188424
42526869,Christopher Horne,2022-03-01,1706277.2,1820106.0,1620712.4,1948124.4,0.06671175,-0.050147112,0.14173964
42526869,Christopher Horne,2022-04-01,1719455.5,1736297.5,1553734.8,1907613.0,0.009794962,-0.09637979,0.10942854
42526869,Christopher Horne,2022-05-01,1725934.1,1754380.1,1557748.8,1890466.5,0.01648151,-0.097446,0.09532946
42526869,Christopher Horne,2022-06-01,1738528.6,1721849.0,1535750.6,1868651.5,-0.009594104,-0.116637714,0.07484655
42526869,Christopher Horne,2022-07-01,1740744.8,1726087.9,1535378.1,1853240.2,-0.008419887,-0.1179763,0.06462493
42526869,Christopher Horne,2022-08-01,1767873.1,1802305.1,1530784.0,1843253.9,0.01947651,-0.13410981,0.04263923
42526869,Christopher Horne,2022-09-01,1826327.4,1706219.1,1487462.1,1792099.8,-0.065764904,-0.18554464,-0.018741231
18644982,Jeffery Howard,2022-03-01,6547861.0,6979401.5,6465831.0,7207827.0,0.06590557,-0.012527755,0.10079108
18644982,Jeffery Howard,2022-04-01,6497410.0,6922113.0,6350846.5,7126345.5,0.06536497,-0.02255722,0.096797876
18644982,Jeffery Howard,2022-05-01,6470745.5,6828738.0,6283228.5,7059277.5,0.05532477,-0.028979195,0.09095273
18644982,Jeffery Howard,2022-06-01,6443704.5,6714361.0,6190729.5,6985703.5,0.042003244,-0.039259247,0.08411295
18644982,Jeffery Howard,2022-07-01,6412695.5,6628032.5,6110771.5,6916326.5,0.033579797,-0.04708223,0.078536555
18644982,Jeffery Howard,2022-08-01,6391747.0,6681316.0,6042068.0,6848965.0,0.045303576,-0.054707892,0.071532555
18644982,Jeffery Howard,2022-09-01,6369213.0,6756309.5,6077894.0,6818279.0,0.06077619,-0.04573862,0.07050573
110300506,Janet Morse,2022-03-01,3299371.8,3327312.0,3139618.5,3658129.5,0.008468355,-0.048419293,0.108735174
110300506,Janet Morse,2022-04-01,3257631.0,3496243.8,3131040.0,3627430.0,0.07324732,-0.038859833,0.11351777
110300506,Janet Morse,2022-05-01,3230526.8,3501021.8,3113979.5,3597675.8,0.08373093,-0.036076855,0.11364989
110300506,Janet Morse,2022-06-01,3187586.5,3526011.8,3095464.2,3565168.8,0.106169745,-0.028900314,0.118453965
110300506,Janet Morse,2022-07-01,3172598.8,3296670.5,3056669.2,3526183.2,0.039107293,-0.036540866,0.11144949
110300506,Janet Morse,2022-08-01,3157521.0,3318414.8,3016451.2,3484450.0,0.050955717,-0.044677377,0.10353977
110300506,Janet Morse,2022-09-01,3134559.2,3343248.0,2995801.5,3445993.5,0.06657674,-0.04426707,0.099355035
52418310,Albert Fox,2022-03-01,901332.7,1000545.6,1190172.5,980525.94,0.1100736,0.3204586,0.087862395
52418310,Albert Fox,2022-04-01,931414.25,947474.75,1152876.2,970781.8,0.017243134,0.2377696,0.04226644
52418310,Albert Fox,2022-05-01,956916.3,930773.44,1109321.0,958085.6,-0.027319917,0.15926647,0.001221959
52418310,Albert Fox,2022-06-01,980251.25,916148.25,1086607.2,956508.25,-0.06539446,0.108498715,-0.024221342
52418310,Albert Fox,2022-07-01,1037929.8,881438.0,1021636.25,933294.7,-0.15077302,-0.015698135,-0.10081137
52418310,Albert Fox,2022-08-01,1085185.5,873083.44,924653.06,896181.2,-0.19545236,-0.14793088,-0.17416775
52418310,Albert Fox,2022-09-01,1111576.1,885315.5,974714.4,885315.5,-0.20354937,-0.12312405,-0.20354937
50195428,Andrew Smith,2022-03-01,5355498.5,5137381.0,4666362.0,5615068.0,-0.040727768,-0.1286783,0.048467852
50195428,Andrew Smith,2022-04-01,5367871.5,5583866.0,4579354.0,5536097.0,0.040238388,-0.14689575,0.031339332
50195428,Andrew Smith,2022-05-01,5398315.5,5274543.0,4507823.5,5458617.0,-0.022927986,-0.16495739,0.011170429
50195428,Andrew Smith,2022-06-01,5388236.0,5538874.0,4489175.0,5415255.5,0.02795683,-0.16685627,0.0050145355
50195428,Andrew Smith,2022-07-01,5428491.5,5274439.0,4495443.0,5363115.5,-0.02837851,-0.17187989,-0.012043125
50195428,Andrew Smith,2022-08-01,5440721.0,5326811.5,4528436.0,5350218.5,-0.020936472,-0.16767722,-0.016634284
50195428,Andrew Smith,2022-09-01,5432719.5,5303712.0,4613202.0,5336420.0,-0.023746394,-0.15084848,-0.017725836
128965933,Mary Knapp,2022-03-01,2643450.8,2553668.5,2314847.5,2606035.0,-0.033964034,-0.124308445,-0.0141541315
128965933,Mary Knapp,2022-04-01,2656187.2,2636621.2,2307684.8,2586390.2,-0.0073661976,-0.13120404,-0.026277138
128965933,Mary Knapp,2022-05-01,2695711.2,2577135.2,2309924.8,2576094.0,-0.043986905,-0.14311121,-0.04437317
128965933,Mary Knapp,2022-06-01,2708259.8,2623732.0,2320125.0,2570712.0,-0.031211095,-0.14331518,-0.050788242
128965933,Mary Knapp,2022-07-01,2709420.0,2668277.8,2413165.2,2603768.8,-0.015184892,-0.1093425,-0.038994048
128965933,Mary Knapp,2022-08-01,2696758.8,2768421.5,2469461.2,2619728.0,0.02657366,-0.08428544,-0.028564198
128965933,Mary Knapp,2022-09-01,2695646.8,2712491.5,2471340.8,2626863.5,0.0062488713,-0.08321046,-0.025516419
74974816,Alexander Hayes,2022-03-01,8396247.0,10723894.0,9262344.0,12011580.0,0.2772247,0.10315287,0.43058917
74974816,Alexander Hayes,2022-04-01,8145443.0,10036844.0,8556987.0,11592096.0,0.23220357,0.050524447,0.4231388
74974816,Alexander Hayes,2022-05-01,7960518.0,10016769.0,8015625.5,11221445.0,0.25830618,0.006922602,0.40963754
74974816,Alexander Hayes,2022-06-01,7826111.0,9191988.0,7715027.0,10947476.0,0.1745282,-0.014194023,0.39883986
74974816,Alexander Hayes,2022-07-01,7795936.5,8200531.0,7272472.0,10596596.0,0.051898126,-0.06714582,0.35924608
74974816,Alexander Hayes,2022-08-01,7704219.0,8654656.0,6967807.0,10310795.0,0.12336578,-0.09558555,0.33833098
74974816,Alexander Hayes,2022-09-01,7678631.5,8402019.0,6666221.0,10026207.0,0.09420787,-0.13184778,0.30572838
109178930,Rachel Villarreal,2022-03-01,2343053.8,2976545.0,1948240.2,2967440.2,0.27036992,-0.16850382,0.26648408
109178930,Rachel Villarreal,2022-04-01,2405376.5,2678544.8,1868528.8,2882446.0,0.11356569,-0.22318658,0.19833465
109178930,Rachel Villarreal,2022-05-01,2386357.2,2397304.0,1706228.8,2764919.8,0.004587222,-0.285007,0.15863614
109178930,Rachel Villarreal,2022-06-01,2390230.5,2578397.0,1725562.2,2725994.8,0.07872316,-0.27807707,0.14047359
109178930,Rachel Villarreal,2022-07-01,2385154.5,2427250.0,1722561.4,2685652.5,0.017648961,-0.27779883,0.12598681
109178930,Rachel Villarreal,2022-08-01,2351534.0,2791055.0,1838469.0,2684111.0,0.1869082,-0.21818312,0.14142981
109178930,Rachel Villarreal,2022-09-01,2299306.5,2034610.8,1765452.0,2619942.2,-0.11511982,-0.23218066,0.1394489
10883453,Gregory Newman,2022-03-01,3697569.8,3829035.2,3571667.8,3958987.2,0.03555457,-0.034049932,0.07069982
10883453,Gregory Newman,2022-04-01,3649940.0,3839521.0,3544904.8,3932138.8,0.051940855,-0.028777255,0.07731599
10883453,Gregory Newman,2022-05-01,3641150.8,3874170.5,3513313.8,3898034.8,0.06399618,-0.035108957,0.070550226
10883453,Gregory Newman,2022-06-01,3574269.0,3961675.5,3521444.2,3885474.0,0.10838762,-0.014779176,0.087068155
10883453,Gregory Newman,2022-07-01,3542428.2,3850794.0,3532386.5,3876432.0,0.08704926,-0.0028347082,0.094286665
10883453,Gregory Newman,2022-08-01,3487788.5,3889523.2,3539702.0,3861122.8,0.115183234,0.01488436,0.10704039
10883453,Gregory Newman,2022-09-01,3484545.8,3803244.5,3536164.5,3845863.0,0.09146063,0.014813623,0.10369135
121712824,Charles Gonzales,2022-03-01,14164273.0,15977238.0,16399647.0,16197855.0,0.12799563,0.15781777,0.14357123
121712824,Charles Gonzales,2022-04-01,14039416.0,14953690.0,16015445.0,16052111.0,0.06512194,0.14074866,0.1433603
121712824,Charles Gonzales,2022-05-01,13944030.0,14524999.0,15922118.0,16015576.0,0.041664355,0.14185913,0.1485615
121712824,Charles Gonzales,2022-06-01,13819819.0,14654935.0,15971117.0,16019468.0,0.060428865,0.1556676,0.15916626
121712824,Charles Gonzales,2022-07-01,13811094.0,13766034.0,15628996.0,15862373.0,-0.0032625946,0.13162622,0.148524
121712824,Charles Gonzales,2022-08-01,13706873.0,15111529.0,15617538.0,15826697.0,0.10247822,0.13939467,0.15465409
121712824,Charles Gonzales,2022-09-01,13892234.0,15456005.0,14979673.0,15703517.0,0.1125644,0.07827675,0.13038097
84449247,Adam Smith,2022-03-01,4199512.5,5012521.0,4127325.0,4025514.0,0.19359592,-0.017189495,-0.041433025
84449247,Adam Smith,2022-04-01,4254959.0,4359605.5,4145270.0,4038178.5,0.024594009,-0.025779096,-0.05094773
84449247,Adam Smith,2022-05-01,4273703.5,4265807.0,4171191.5,4053237.8,-0.0018476949,-0.02398669,-0.05158658
84449247,Adam Smith,2022-06-01,4302870.0,4205068.5,4206858.5,4076814.5,-0.022729365,-0.022313364,-0.05253598
84449247,Adam Smith,2022-07-01,4330552.5,4092794.2,4253628.5,4104650.0,-0.05490252,-0.017763091,-0.052164823
84449247,Adam Smith,2022-08-01,4369591.5,4104811.0,4302521.0,4134743.8,-0.060596168,-0.015349375,-0.05374593
84449247,Adam Smith,2022-09-01,4356506.0,4269924.5,4323214.0,4163309.2,-0.019874068,-0.007641904,-0.04434672
17540799,Latasha Myers,2022-03-01,2547787.2,2851929.5,3417586.2,2176801.5,0.11937506,0.3413939,-0.14561096
17540799,Latasha Myers,2022-04-01,2566229.0,2146009.0,3394701.2,2227421.0,-0.16375001,0.32283646,-0.13202563
17540799,Latasha Myers,2022-05-01,2564361.5,2646468.0,3482730.8,2313918.0,0.0320183,0.35812783,-0.097663105
17540799,Latasha Myers,2022-06-01,2630314.0,2398050.0,3496775.2,2370999.2,-0.08830277,0.32941362,-0.09858699
17540799,Latasha Myers,2022-07-01,2671779.5,2288287.0,3518693.5,2433752.5,-0.14353448,0.31698498,-0.08908931
17540799,Latasha Myers,2022-08-01,2729937.5,2746443.5,3555320.5,2493272.0,0.0060462924,0.302345,-0.086692646
17540799,Latasha Myers,2022-09-01,2826913.0,3073040.8,3547810.0,2562502.0,0.087065905,0.2550121,-0.09353348
29376896,Robert Jones,2022-03-01,1859316.4,1211034.8,1046845.94,878029.56,-0.34866667,-0.43697268,-0.52776754
29376896,Robert Jones,2022-04-01,1947790.8,1222683.9,1117742.2,914490.56,-0.37227145,-0.4261487,-0.53049856
29376896,Robert Jones,2022-05-01,2036246.5,1825040.8,1222612.8,968993.0,-0.10372308,-0.39957526,-0.52412784
29376896,Robert Jones,2022-06-01,2150305.5,1477791.8,1372897.0,1030394.06,-0.31275266,-0.36153397,-0.5208151
29376896,Robert Jones,2022-07-01,2259615.0,1425605.5,1483168.0,1091540.2,-0.36909363,-0.34361917,-0.5169353
29376896,Robert Jones,2022-08-01,2396280.8,1558315.2,1600140.6,1158311.8,-0.34969422,-0.33223993,-0.516621
29376896,Robert Jones,2022-09-01,2493399.5,2872763.2,1833152.8,1269115.1,0.1521472,-0.2647978,-0.49101013
88282963,Craig Villarreal,2022-03-01,3159430.8,3176217.2,3156061.5,2289095.2,0.005313141,-0.0010664104,-0.27547225
88282963,Craig Villarreal,2022-04-01,3124650.0,3139172.0,3339362.2,2402143.2,0.0046475604,0.06871562,-0.23122805
88282963,Craig Villarreal,2022-05-01,3116102.5,3157694.0,3515251.5,2520500.5,0.013347282,0.12809238,-0.19113685
88282963,Craig Villarreal,2022-06-01,3099010.8,3127201.8,3644166.0,2616137.5,0.009096774,0.17591266,-0.15581529
88282963,Craig Villarreal,2022-07-01,3157262.2,2552107.5,3663101.8,2651497.2,-0.19167073,0.1602146,-0.160191
88282963,Craig Villarreal,2022-08-01,3121999.2,3464538.5,3805172.2,2768810.8,0.10971791,0.21882549,-0.11312895
88282963,Craig Villarreal,2022-09-01,3024288.5,3829138.0,3882351.5,2878626.5,0.26612854,0.28372392,-0.048164055
11226857,Deborah Banks,2022-03-01,70374780.0,77229496.0,75387560.0,74329840.0,0.09740295,0.07122972,0.0561999
11226857,Deborah Banks,2022-04-01,69492270.0,76742250.0,74887000.0,74183100.0,0.104327805,0.07763062,0.06750149
11226857,Deborah Banks,2022-05-01,68823340.0,74784984.0,74672710.0,74151630.0,0.08662235,0.084991045,0.07741978
11226857,Deborah Banks,2022-06-01,67990230.0,73732450.0,75167224.0,74373816.0,0.08445649,0.10555916,0.09388972
11226857,Deborah Banks,2022-07-01,67829260.0,68918504.0,74585260.0,74145544.0,0.016058555,0.09960303,0.09312028
11226857,Deborah Banks,2022-08-01,67256504.0,72762410.0,74136616.0,73959060.0,0.08186426,0.102296606,0.09965656
11226857,Deborah Banks,2022-09-01,66943430.0,70701950.0,73274136.0,73658830.0,0.056144718,0.09456796,0.10031454
125979427,Melanie May,2022-03-01,1877693.5,1659073.0,2225857.8,1464292.0,-0.11643034,0.18542124,-0.22016452
125979427,Melanie May,2022-04-01,1993382.1,1115377.0,2132083.0,1465779.0,-0.44046003,0.069580674,-0.26467738
125979427,Melanie May,2022-05-01,2080279.9,1173087.9,2069060.1,1465524.4,-0.43609133,-0.005393385,-0.29551578
125979427,Melanie May,2022-06-01,2151025.0,1377822.2,1998814.9,1473499.4,-0.35945782,-0.07076167,-0.31497803
125979427,Melanie May,2022-07-01,2287736.0,1331560.8,1972572.0,1481757.0,-0.41795698,-0.1377624,-0.3523042
125979427,Melanie May,2022-08-01,2471251.8,1258500.5,1673621.4,1453541.8,-0.4907437,-0.3227637,-0.41181964
125979427,Melanie May,2022-09-01,2505572.8,1857875.0,2028641.6,1524803.8,-0.25850287,-0.19034815,-0.39143506
97959863,Carl Fox,2022-03-01,3636821.8,4468969.0,3708596.5,3018158.8,0.22881167,0.01973557,-0.1701109
97959863,Carl Fox,2022-04-01,3660733.0,3028950.0,3654944.8,3036557.2,-0.17258374,-0.0015811725,-0.17050567
97959863,Carl Fox,2022-05-01,3676683.0,3001520.2,3661753.0,3059915.5,-0.18363366,-0.004060725,-0.16775107
97959863,Carl Fox,2022-06-01,3703472.0,3028305.2,3706593.5,3116715.0,-0.18230642,0.00084285776,-0.1584343
97959863,Carl Fox,2022-07-01,3759956.0,2949958.5,3831621.5,3197660.2,-0.21542738,0.019060196,-0.14954849
97959863,Carl Fox,2022-08-01,3739540.5,3250226.0,3967345.2,3301052.0,-0.13084882,0.060917847,-0.11725732
97959863,Carl Fox,2022-09-01,3702776.0,4305909.5,4160984.2,3418701.5,0.16288684,0.12374722,-0.07671933
39087641,Chad Garcia,2022-03-01,2326310.8,2695469.0,2920400.5,2163881.5,0.15868828,0.2553785,-0.06982268
39087641,Chad Garcia,2022-04-01,2223318.2,3042839.5,3037498.8,2249063.5,0.36860275,0.3662006,0.011579651
39087641,Chad Garcia,2022-05-01,2184094.2,2729271.5,3102846.2,2318651.8,0.24961251,0.42065585,0.06160792
39087641,Chad Garcia,2022-06-01,2148170.0,2645425.8,3121555.5,2370113.2,0.23147877,0.45312312,0.10331736
39087641,Chad Garcia,2022-07-01,2145369.2,2512138.0,3172560.5,2425606.0,0.17095833,0.4787946,0.13062401
39087641,Chad Garcia,2022-08-01,2158679.5,2371726.0,3146942.2,2450841.5,0.098692976,0.45780894,0.13534293
39087641,Chad Garcia,2022-09-01,2195670.2,1869929.8,2967327.5,2406156.0,-0.14835584,0.35144496,0.095864005
27593040,Alan Bennett,2022-03-01,4722334.5,5390549.0,3075533.8,5996070.0,0.14150088,-0.34872597,0.2697258
27593040,Alan Bennett,2022-04-01,4693686.5,5112089.0,2976671.8,5813280.0,0.089141555,-0.36581367,0.2385318
27593040,Alan Bennett,2022-05-01,4611140.5,4949914.0,2813765.0,5616359.5,0.073468484,-0.3897898,0.21799791
27593040,Alan Bennett,2022-06-01,4529035.0,4847086.0,2739213.5,5442373.0,0.070224896,-0.39518827,0.20166282
27593040,Alan Bennett,2022-07-01,4480414.5,4746964.5,2552310.5,5235883.5,0.059492264,-0.43034053,0.16861588
27593040,Alan Bennett,2022-08-01,4439482.5,4600765.0,2131144.0,4924417.0,0.03632912,-0.51995665,0.10923222
27593040,Alan Bennett,2022-09-01,4320211.0,4529320.0,2438538.8,4908081.0,0.048402496,-0.43555102,0.13607438
59878911,Jessica Thompson,2022-03-01,9894831.0,12267492.0,9181204.0,13030865.0,0.23978792,-0.07212119,0.31693658
59878911,Jessica Thompson,2022-04-01,9624998.0,12308988.0,8781644.0,12673729.0,0.27885616,-0.08762121,0.31675133
59878911,Jessica Thompson,2022-05-01,9366437.0,12057772.0,8564447.0,12402967.0,0.2873382,-0.08562381,0.32419264
59878911,Jessica Thompson,2022-06-01,9080675.0,11856406.0,8560614.0,12243816.0,0.30567452,-0.057271183,0.34833765
59878911,Jessica Thompson,2022-07-01,8868074.0,11053971.0,8584322.0,12091574.0,0.24649061,-0.031997025,0.36349493
59878911,Jessica Thompson,2022-08-01,8787684.0,9847946.0,8226551.5,11756261.0,0.120653175,-0.063854426,0.33781108
59878911,Jessica Thompson,2022-09-01,8776887.0,9719353.0,7766441.5,11512122.0,0.10738044,-0.11512573,0.31164068
20649755,Scott Craig,2022-03-01,5378795.0,5646255.0,5342846.0,6149049.0,0.04972489,-0.0066834674,0.14320196
20649755,Scott Craig,2022-04-01,5339256.5,5545350.5,5158498.0,6033970.0,0.038599756,-0.03385462,0.13011427
20649755,Scott Craig,2022-05-01,5321333.0,5650935.0,5079477.5,5961812.0,0.061939742,-0.045450173,0.12036063
20649755,Scott Craig,2022-06-01,5298199.0,5620626.0,5004864.5,5892326.5,0.060855962,-0.055364944,0.11213763
20649755,Scott Craig,2022-07-01,5281403.0,5390579.5,4962125.5,5831189.0,0.020671874,-0.06045316,0.10409848
20649755,Scott Craig,2022-08-01,5248578.0,5524833.5,4852505.0,5738870.5,0.05263435,-0.075462915,0.09341435
20649755,Scott Craig,2022-09-01,5203260.0,5660614.5,4894486.5,5715071.5,0.08789768,-0.059342317,0.09836362
110981297,Alexander Jackson,2022-03-01,3512309.0,2922589.0,2994275.2,2940120.5,-0.16790095,-0.14749093,-0.1629095
110981297,Alexander Jackson,2022-04-01,3573682.5,3219297.5,3003992.2,2948986.5,-0.099165216,-0.15941267,-0.17480457
110981297,Alexander Jackson,2022-05-01,3639045.2,3274361.0,3049120.2,2970678.0,-0.100214265,-0.16210982,-0.18366554
110981297,Alexander Jackson,2022-06-01,3698798.0,3332002.0,3141260.2,3016096.5,-0.09916627,-0.15073484,-0.18457387
110981297,Alexander Jackson,2022-07-01,3767012.0,3233832.0,3196070.5,3048462.8,-0.14153923,-0.1515635,-0.1907478
110981297,Alexander Jackson,2022-08-01,3807635.0,3363824.5,3277419.8,3087431.0,-0.116558045,-0.13925055,-0.18914734
110981297,Alexander Jackson,2022-09-01,3877445.0,3590431.5,3371868.0,3126123.5,-0.074021295,-0.13038921,-0.19376716
77009458,Elizabeth Craig,2022-03-01,1593283.0,1835965.0,1675378.1,1909322.4,0.15231569,0.051525764,0.19835734
77009458,Elizabeth Craig,2022-04-01,1570839.2,1670497.8,1600241.1,1865091.2,0.06344284,0.018717304,0.18732153
77009458,Elizabeth Craig,2022-05-01,1509835.2,1886284.5,1686527.1,1876460.8,0.24933134,0.11702725,0.24282484
77009458,Elizabeth Craig,2022-06-01,1471101.8,1927046.0,1728104.0,1887768.0,0.30993387,0.17470053,0.28323415
77009458,Elizabeth Craig,2022-07-01,1452266.8,1843812.2,1729233.4,1882874.0,0.2696099,0.19071333,0.296507
77009458,Elizabeth Craig,2022-08-01,1451274.4,1694118.0,1631000.5,1832270.8,0.1673313,0.12384021,0.26252538
77009458,Elizabeth Craig,2022-09-01,1430528.4,1776495.2,1569705.2,1804282.4,0.24184552,0.09729054,0.2612699
60230975,Valerie Cooke,2022-03-01,5994510.0,5437069.5,5730852.5,5100991.5,-0.09299184,-0.04398316,-0.14905614
60230975,Valerie Cooke,2022-04-01,6081349.5,5712871.0,5723268.0,5128318.5,-0.060591567,-0.058881916,-0.15671374
60230975,Valerie Cooke,2022-05-01,6192702.0,5450041.0,5730530.0,5150271.5,-0.11992519,-0.07463172,-0.1683321
60230975,Valerie Cooke,2022-06-01,6313965.0,5438794.5,5711696.5,5177168.0,-0.13860871,-0.095386736,-0.18004487
60230975,Valerie Cooke,2022-07-01,6430633.0,5398245.0,5782122.5,5230295.5,-0.1605422,-0.10084707,-0.1866593
60230975,Valerie Cooke,2022-08-01,6514439.0,5456038.0,5795833.5,5253230.5,-0.16247001,-0.11030965,-0.19360201
60230975,Valerie Cooke,2022-09-01,6530070.5,6049482.5,6033714.0,5373008.5,-0.07359614,-0.0760109,-0.17718981
96039483,Timothy Gordon,2022-03-01,5196683.0,5036126.0,4651374.5,5439735.0,-0.030896055,-0.104933955,0.046770602
96039483,Timothy Gordon,2022-04-01,5196527.0,5279335.0,4572888.5,5369033.0,0.015935259,-0.12001064,0.0331964
96039483,Timothy Gordon,2022-05-01,5211523.5,5329392.0,4575093.0,5332689.0,0.022616899,-0.12211986,0.023249535
96039483,Timothy Gordon,2022-06-01,5217306.5,5480702.0,4546751.5,5291970.0,0.05048496,-0.12852514,0.014310737
96039483,Timothy Gordon,2022-07-01,5221120.0,5246431.0,4560304.0,5265917.0,0.0048478106,-0.12656595,0.00857996
96039483,Timothy Gordon,2022-08-01,5252965.5,5146076.0,4544451.5,5223468.5,-0.020348411,-0.13487886,-0.005615304
96039483,Timothy Gordon,2022-09-01,5238310.0,5330175.5,4692329.0,5257451.0,0.01753724,-0.10422846,0.003654041
38624432,Audrey Boyle,2022-03-01,2892778.5,2831760.2,2800001.8,2854747.0,-0.021093301,-0.032071847,-0.013147049
38624432,Audrey Boyle,2022-04-01,2874776.8,3170701.2,2814670.8,2858260.5,0.10293826,-0.020908058,-0.005745229
38624432,Audrey Boyle,2022-05-01,2869360.8,2891781.0,2792628.8,2846628.5,0.007813674,-0.026741846,-0.007922409
38624432,Audrey Boyle,2022-06-01,2881067.5,2745740.0,2777265.2,2835697.0,-0.046971306,-0.036029093,-0.015747808
38624432,Audrey Boyle,2022-07-01,2881921.8,2814738.2,2774329.0,2833246.2,-0.023312049,-0.037333682,-0.016889945
38624432,Audrey Boyle,2022-08-01,2862069.0,2957904.0,2778415.8,2831680.5,0.03348452,-0.029228244,-0.010617669
38624432,Audrey Boyle,2022-09-01,2873546.2,2844471.0,2810491.8,2844471.0,-0.010118247,-0.021943096,-0.010118247
103238724,Paul Hartman,2022-03-01,2709318.0,2611658.2,2290921.2,2980325.0,-0.03604588,-0.15442881,0.100027755
103238724,Paul Hartman,2022-04-01,2688254.5,2807815.0,2255929.2,2932537.8,0.044475142,-0.16082007,0.09087058
103238724,Paul Hartman,2022-05-01,2682922.5,2766392.0,2167303.2,2861471.8,0.03111141,-0.19218567,0.066550285
103238724,Paul Hartman,2022-06-01,2670902.0,2751575.5,2180706.2,2825404.0,0.03020459,-0.18353191,0.057846375
103238724,Paul Hartman,2022-07-01,2660629.5,2631603.5,2159775.2,2785886.2,-0.010909448,-0.18824652,0.047077864
103238724,Paul Hartman,2022-08-01,2654529.0,2677437.0,2133276.2,2751553.0,0.008629779,-0.19636355,0.036550365
103238724,Paul Hartman,2022-09-01,2628022.8,2556507.2,2162411.2,2745923.5,-0.027212664,-0.1771718,0.04486291
93406187,Yvonne Lambert,2022-03-01,4599537.0,5623885.0,4449135.0,5713318.5,0.22270676,-0.03269938,0.24215078
93406187,Yvonne Lambert,2022-04-01,4584947.5,5437033.0,4373379.0,5622480.0,0.18584411,-0.04614415,0.22629103
93406187,Yvonne Lambert,2022-05-01,4487377.5,5387054.5,4378543.0,5569696.5,0.2004906,-0.024253475,0.24119188
93406187,Yvonne Lambert,2022-06-01,4456256.5,5223666.5,4315361.5,5488966.5,0.17220956,-0.031617343,0.23174384
93406187,Yvonne Lambert,2022-07-01,4387516.5,5032642.0,4316774.5,5429613.0,0.1470366,-0.016123472,0.23751397
93406187,Yvonne Lambert,2022-08-01,4311562.5,4703055.0,4108364.2,5292304.0,0.090800606,-0.04712868,0.22746778
93406187,Yvonne Lambert,2022-09-01,4255153.5,4699277.0,3965251.0,5191137.0,0.10437308,-0.06812974,0.21996468
25845347,Adrian Stevens,2022-03-01,3328867.5,3226859.8,3231069.5,3310640.0,-0.03064338,-0.02937876,-0.005475586
25845347,Adrian Stevens,2022-04-01,3306858.5,3342115.5,3211876.2,3297862.8,0.010661781,-0.028722804,-0.002720331
25845347,Adrian Stevens,2022-05-01,3359263.0,3188959.0,3157494.5,3270371.8,-0.050696835,-0.060063325,-0.026461534
25845347,Adrian Stevens,2022-06-01,3370653.8,3157548.2,3080817.2,3237016.2,-0.06322379,-0.085988216,-0.039647352
25845347,Adrian Stevens,2022-07-01,3375741.5,3228691.5,3118120.5,3247682.5,-0.0435608,-0.07631538,-0.037935074
25845347,Adrian Stevens,2022-08-01,3407475.8,2991130.5,3133625.2,3245985.5,-0.12218583,-0.08036756,-0.047392927
25845347,Adrian Stevens,2022-09-01,3426625.2,3302070.5,3207548.8,3286129.2,-0.036349103,-0.0639336,-0.041001275
28876559,Sylvia Roberts,2022-03-01,8373313.5,8431361.0,7808763.5,9223674.0,0.0069324407,-0.06742253,0.10155603
28876559,Sylvia Roberts,2022-04-01,8305084.0,8946751.0,7651372.5,9089234.0,0.077261955,-0.07871221,0.09441807
28876559,Sylvia Roberts,2022-05-01,8280576.5,8845748.0,7583946.0,8992632.0,0.068252675,-0.08412826,0.085991055
28876559,Sylvia Roberts,2022-06-01,8231419.5,8804933.0,7564718.5,8919532.0,0.0696737,-0.08099466,0.08359585
28876559,Sylvia Roberts,2022-07-01,8216734.5,8276451.5,7516222.0,8828755.0,0.007267729,-0.08525436,0.07448464
28876559,Sylvia Roberts,2022-08-01,8198453.0,9010372.0,7501891.0,8753074.0,0.0990332,-0.084962614,0.06764947
28876559,Sylvia Roberts,2022-09-01,8176366.5,8524918.0,7500391.0,8685845.0,0.042629145,-0.08267432,0.062311113
119418020,Alicia Cooper,2022-03-01,9863373.0,10369959.0,9132886.0,11399075.0,0.05136032,-0.07406057,0.15569745
119418020,Alicia Cooper,2022-04-01,9783248.0,10654924.0,8818909.0,11160209.0,0.08909883,-0.098570436,0.14074682
119418020,Alicia Cooper,2022-05-01,9719270.0,10392805.0,8572395.0,10944126.0,0.06929893,-0.11800012,0.12602346
119418020,Alicia Cooper,2022-06-01,9611547.0,10567029.0,8495484.0,10800665.0,0.099409804,-0.116116896,0.12371765
119418020,Alicia Cooper,2022-07-01,9552762.0,10055295.0,8400657.0,10654593.0,0.052606042,-0.12060439,0.11534162
119418020,Alicia Cooper,2022-08-01,9452034.0,10244556.0,8317628.0,10521385.0,0.08384672,-0.12001713,0.11313449
119418020,Alicia Cooper,2022-09-01,9398990.0,9686407.0,8363413.5,10433186.0,0.030579561,-0.11017955,0.11003267
72118959,John Spencer,2022-03-01,1562690.0,1659136.5,1489885.1,1704012.8,0.061718255,-0.046589456,0.090435565
72118959,John Spencer,2022-04-01,1546901.5,1613912.0,1391794.1,1653630.4,0.043319177,-0.10026972,0.06899526
72118959,John Spencer,2022-05-01,1533707.1,1641922.0,1417282.8,1648099.0,0.07055772,-0.075910434,0.074585214
72118959,John Spencer,2022-06-01,1512055.0,1632545.0,1436911.6,1648892.6,0.079686254,-0.049696192,0.090497784
72118959,John Spencer,2022-07-01,1509273.6,1609405.5,1449668.1,1644517.4,0.06634442,-0.039492838,0.089608505
72118959,John Spencer,2022-08-01,1487760.8,1593986.8,1445942.0,1635100.4,0.07139992,-0.028108519,0.09903449
72118959,John Spencer,2022-09-01,1476499.6,1637460.8,1460316.2,1634462.2,0.10901535,-0.010960636,0.10698453
91412050,Hannah Cordova,2022-03-01,4845099.0,4670586.5,4258808.5,5267192.0,-0.036018357,-0.12100692,0.087117516
91412050,Hannah Cordova,2022-04-01,4847575.5,4984870.0,4123760.0,5163014.0,0.028322302,-0.14931495,0.0650714
91412050,Hannah Cordova,2022-05-01,4832815.0,4982018.0,4042653.5,5080441.0,0.030872896,-0.16349922,0.05123846
91412050,Hannah Cordova,2022-06-01,4831937.5,5127726.5,4045214.5,5035610.5,0.061215404,-0.1628173,0.042151414
91412050,Hannah Cordova,2022-07-01,4826912.5,4783320.0,4030962.5,4975385.0,-0.009031136,-0.16489837,0.03075931
91412050,Hannah Cordova,2022-08-01,4786324.0,5084513.0,4075811.5,4944608.5,0.062300213,-0.14844638,0.03307016
91412050,Hannah Cordova,2022-09-01,4785394.0,4744411.0,4148345.8,4929208.5,-0.008564185,-0.13312347,0.030052802
78729931,Katherine Edwards,2022-03-01,11083723.0,11311889.0,10074447.0,12870732.0,0.020585682,-0.0910593,0.16122822
78729931,Katherine Edwards,2022-04-01,11019031.0,11755316.0,9791338.0,12619181.0,0.0668194,-0.11141569,0.14521694
78729931,Katherine Edwards,2022-05-01,10951669.0,11564114.0,9564884.0,12387851.0,0.055922527,-0.12662773,0.13113819
78729931,Katherine Edwards,2022-06-01,10926520.0,11554205.0,9416595.0,12196187.0,0.05744601,-0.13818902,0.11620049
78729931,Katherine Edwards,2022-07-01,10898768.0,10688267.0,9206488.0,11971542.0,-0.019314202,-0.1552726,0.09843076
78729931,Katherine Edwards,2022-08-01,10908412.0,10937344.0,9036834.0,11770830.0,0.0026522651,-0.171572,0.07905991
78729931,Katherine Edwards,2022-09-01,10920607.0,11441415.0,9039930.0,11656450.0,0.047690388,-0.1722136,0.06738114
120645277,Ashley Fisher,2022-03-01,6870816.5,8381670.5,7473390.5,7661409.0,0.2198944,0.08770049,0.11506529
120645277,Ashley Fisher,2022-04-01,6924786.0,7653013.5,7302177.0,7570724.0,0.10516246,0.05449858,0.09327913
120645277,Ashley Fisher,2022-05-01,6948224.5,7522550.0,7182201.0,7508930.5,0.08265788,0.033674285,0.08069774
120645277,Ashley Fisher,2022-06-01,6886935.5,7668213.0,7244636.0,7524220.5,0.11344342,0.051938992,0.092535354
120645277,Ashley Fisher,2022-07-01,6957864.5,6410463.0,7089151.5,7423279.0,-0.07867378,0.018868864,0.066890426
120645277,Ashley Fisher,2022-08-01,6981497.5,7114570.0,7043608.5,7393392.5,0.019060738,0.008896516,0.05899809
120645277,Ashley Fisher,2022-09-01,6997603.5,7158314.0,6889304.5,7343906.0,0.022966506,-0.015476584,0.049488727
85404472,Charles Hopkins,2022-03-01,21231790.0,20170208.0,19736916.0,20676734.0,-0.049999647,-0.070407346,-0.026142685
85404472,Charles Hopkins,2022-04-01,21179254.0,21169504.0,19614814.0,20576812.0,-0.00046035615,-0.07386663,-0.02844491
85404472,Charles Hopkins,2022-05-01,21256948.0,20791432.0,19538090.0,20500092.0,-0.021899475,-0.080860995,-0.03560511
85404472,Charles Hopkins,2022-06-01,21231390.0,22012604.0,19914070.0,20630242.0,0.036795236,-0.06204587,-0.028314114
85404472,Charles Hopkins,2022-07-01,21408298.0,20858954.0,19800510.0,20557422.0,-0.02566033,-0.07510116,-0.03974515
85404472,Charles Hopkins,2022-08-01,21425128.0,21340114.0,20129952.0,20676308.0,-0.0039679576,-0.06045126,-0.03495055
85404472,Charles Hopkins,2022-09-01,21612016.0,21296816.0,20506030.0,20780528.0,-0.014584479,-0.05117459,-0.038473412
68592589,Marcus Larsen,2022-03-01,2727018.0,2837360.8,2438834.5,3054896.2,0.04046279,-0.10567715,0.12023325
68592589,Marcus Larsen,2022-04-01,2701704.2,2957088.0,2434840.8,3022326.2,0.09452691,-0.09877598,0.11867398
68592589,Marcus Larsen,2022-05-01,2681563.5,2976930.8,2440451.0,2995494.8,0.1101474,-0.089914896,0.11707023
68592589,Marcus Larsen,2022-06-01,2651918.8,3036792.0,2478599.2,2989604.8,0.14513011,-0.06535626,0.12733649
68592589,Marcus Larsen,2022-07-01,2639390.5,2881326.0,2494408.2,2972867.8,0.0916634,-0.0549302,0.1263463
68592589,Marcus Larsen,2022-08-01,2595434.8,2925926.2,2543356.2,2959088.5,0.1273357,-0.020065425,0.14011285
68592589,Marcus Larsen,2022-09-01,2603812.0,2634331.8,2475111.8,2921947.5,0.011721181,-0.04942763,0.12218067
15178422,Daniel Meza,2022-03-01,1764919.6,1860910.9,1606846.6,1953238.2,0.054388452,-0.089563854,0.106700964
15178422,Daniel Meza,2022-04-01,1761608.4,1826741.6,1507225.5,1895195.5,0.03697374,-0.14440376,0.07583248
15178422,Daniel Meza,2022-05-01,1758856.8,1812425.0,1514334.1,1873017.8,0.03045629,-0.13902362,0.064906366
15178422,Daniel Meza,2022-06-01,1743886.8,1917550.5,1539911.6,1871516.4,0.099584304,-0.11696581,0.073186874
15178422,Daniel Meza,2022-07-01,1727142.5,1840931.0,1571002.0,1875694.9,0.06588252,-0.090403944,0.08601049
15178422,Daniel Meza,2022-08-01,1705806.6,1823549.8,1565677.0,1856864.0,0.0690249,-0.0821486,0.08855481
15178422,Daniel Meza,2022-09-01,1713497.4,1840708.0,1554108.5,1850695.2,0.07424034,-0.09301962,0.080068916
32027695,Kristina Kim,2022-03-01,49999984.0,59648300.0,57748856.0,55643140.0,0.19296639,0.15497749,0.11286315
32027695,Kristina Kim,2022-04-01,48861200.0,59329484.0,57304240.0,55553804.0,0.21424533,0.17279641,0.13697174
32027695,Kristina Kim,2022-05-01,47827196.0,58136964.0,57464692.0,55674224.0,0.21556288,0.20150661,0.16407041
32027695,Kristina Kim,2022-06-01,47022896.0,53886544.0,57022300.0,55576536.0,0.14596395,0.21264969,0.18190372
32027695,Kristina Kim,2022-07-01,46512560.0,50766984.0,56228496.0,55348220.0,0.09146828,0.20888844,0.18996288
32027695,Kristina Kim,2022-08-01,45925876.0,51983570.0,54821740.0,54849732.0,0.1319015,0.19370048,0.19430998
32027695,Kristina Kim,2022-09-01,45475588.0,46358320.0,53499816.0,54304620.0,0.019411119,0.17645133,0.19414882
40855367,Louis White,2022-03-01,15620380.0,15693458.0,16618284.0,18567606.0,0.004678375,0.06388474,0.18867825
40855367,Louis White,2022-04-01,15451663.0,15951176.0,16270479.0,18325446.0,0.03232746,0.052992094,0.18598536
40855367,Louis White,2022-05-01,15369851.0,15463221.0,15657957.0,17963074.0,0.00607488,0.018744878,0.16872141
40855367,Louis White,2022-06-01,15212361.0,16146644.0,15351226.0,17735570.0,0.06141604,0.009128432,0.1658657
40855367,Louis White,2022-07-01,15092205.0,15228154.0,14496396.0,17228528.0,0.009007895,-0.03947793,0.14155142
40855367,Louis White,2022-08-01,14991912.0,15208354.0,13529280.0,16707732.0,0.014437251,-0.097561404,0.11444971
40855367,Louis White,2022-09-01,14874165.0,15263212.0,13685492.0,16500711.0,0.026155889,-0.07991528,0.109353766
113960985,Vincent Cooper,2022-03-01,28041686.0,30265202.0,29330780.0,28411420.0,0.079293236,0.04597063,0.013185156
113960985,Vincent Cooper,2022-04-01,27882768.0,28362032.0,29069516.0,28353362.0,0.017188538,0.04256206,0.016877593
113960985,Vincent Cooper,2022-05-01,27533264.0,29213074.0,29280146.0,28465698.0,0.0610102,0.06344624,0.033865727
113960985,Vincent Cooper,2022-06-01,27249198.0,28974004.0,29552544.0,28623564.0,0.063297495,0.084528945,0.050436933
113960985,Vincent Cooper,2022-07-01,27093002.0,28321766.0,29784814.0,28734068.0,0.045353558,0.09935451,0.06057158
113960985,Vincent Cooper,2022-08-01,26784196.0,29151182.0,30026826.0,28906880.0,0.088372484,0.12106505,0.079251364
113960985,Vincent Cooper,2022-09-01,26684306.0,31208144.0,30096088.0,29076536.0,0.16953178,0.12785725,0.08964933
